--
-- PostgreSQL database dump
--

-- Dumped from database version 13.0 (Debian 13.0-1.pgdg100+1)
-- Dumped by pg_dump version 13.0 (Debian 13.0-1.pgdg100+1)

SET statement_timeout = 0;
SET lock_timeout = 0;
SET idle_in_transaction_session_timeout = 0;
SET client_encoding = 'UTF8';
SET standard_conforming_strings = on;
SELECT pg_catalog.set_config('search_path', '', false);
SET check_function_bodies = false;
SET xmloption = content;
SET client_min_messages = warning;
SET row_security = off;

--
-- Data for Name: auth_group; Type: TABLE DATA; Schema: public; Owner: shopit
--

COPY public.auth_group (id, name) FROM stdin;
\.


--
-- Data for Name: django_content_type; Type: TABLE DATA; Schema: public; Owner: shopit
--

COPY public.django_content_type (id, app_label, model) FROM stdin;
1	auth	permission
2	auth	group
3	contenttypes	contenttype
4	sessions	session
5	sites	site
6	admin	logentry
7	django_celery_beat	crontabschedule
8	django_celery_beat	intervalschedule
9	django_celery_beat	periodictask
10	django_celery_beat	periodictasks
11	django_celery_beat	solarschedule
12	django_celery_beat	clockedschedule
13	oauth2_provider	application
14	oauth2_provider	accesstoken
15	oauth2_provider	grant
16	oauth2_provider	refreshtoken
17	social_django	association
18	social_django	code
19	social_django	nonce
20	social_django	usersocialauth
21	social_django	partial
22	exchange	exchangebackend
23	exchange	rate
24	users	user
25	users	billingaddress
26	users	shippingaddress
27	users	profile
28	users	passwordreset
29	users	emailconfirmation
30	products	brand
31	products	filterproperties
32	products	middlepricerange
33	products	pricefiltercategory
34	products	product
35	products	filtercategory
36	products	category
37	products	answer
38	products	commentonreview
39	products	filtervalues
40	products	report
41	products	productreview
42	products	faq
43	products	abstractproduct
45	shopit	brand
46	shopit	category
47	shopit	commentonreview
49	shopit	filtercategory
51	shopit	middlepricerange
52	shopit	pricefiltercategory
53	shopit	subcategory
54	shopit	report
55	shopit	productreview
56	shopit	productinfo
57	shopit	product
58	shopit	filterproperties
59	users	seller
48	shopit	productfaq
44	shopit	productfaqanswer
60	shopit	availablefilterselectoptions
61	shopit	filtervaluesselect
50	shopit	filtervaluestext
\.


--
-- Data for Name: auth_permission; Type: TABLE DATA; Schema: public; Owner: shopit
--

COPY public.auth_permission (id, name, content_type_id, codename) FROM stdin;
1	Can add permission	1	add_permission
2	Can change permission	1	change_permission
3	Can delete permission	1	delete_permission
4	Can view permission	1	view_permission
5	Can add group	2	add_group
6	Can change group	2	change_group
7	Can delete group	2	delete_group
8	Can view group	2	view_group
9	Can add content type	3	add_contenttype
10	Can change content type	3	change_contenttype
11	Can delete content type	3	delete_contenttype
12	Can view content type	3	view_contenttype
13	Can add session	4	add_session
14	Can change session	4	change_session
15	Can delete session	4	delete_session
16	Can view session	4	view_session
17	Can add site	5	add_site
18	Can change site	5	change_site
19	Can delete site	5	delete_site
20	Can view site	5	view_site
21	Can add log entry	6	add_logentry
22	Can change log entry	6	change_logentry
23	Can delete log entry	6	delete_logentry
24	Can view log entry	6	view_logentry
25	Can add crontab	7	add_crontabschedule
26	Can change crontab	7	change_crontabschedule
27	Can delete crontab	7	delete_crontabschedule
28	Can view crontab	7	view_crontabschedule
29	Can add interval	8	add_intervalschedule
30	Can change interval	8	change_intervalschedule
31	Can delete interval	8	delete_intervalschedule
32	Can view interval	8	view_intervalschedule
33	Can add periodic task	9	add_periodictask
34	Can change periodic task	9	change_periodictask
35	Can delete periodic task	9	delete_periodictask
36	Can view periodic task	9	view_periodictask
37	Can add periodic tasks	10	add_periodictasks
38	Can change periodic tasks	10	change_periodictasks
39	Can delete periodic tasks	10	delete_periodictasks
40	Can view periodic tasks	10	view_periodictasks
41	Can add solar event	11	add_solarschedule
42	Can change solar event	11	change_solarschedule
43	Can delete solar event	11	delete_solarschedule
44	Can view solar event	11	view_solarschedule
45	Can add clocked	12	add_clockedschedule
46	Can change clocked	12	change_clockedschedule
47	Can delete clocked	12	delete_clockedschedule
48	Can view clocked	12	view_clockedschedule
49	Can add application	13	add_application
50	Can change application	13	change_application
51	Can delete application	13	delete_application
52	Can view application	13	view_application
53	Can add access token	14	add_accesstoken
54	Can change access token	14	change_accesstoken
55	Can delete access token	14	delete_accesstoken
56	Can view access token	14	view_accesstoken
57	Can add grant	15	add_grant
58	Can change grant	15	change_grant
59	Can delete grant	15	delete_grant
60	Can view grant	15	view_grant
61	Can add refresh token	16	add_refreshtoken
62	Can change refresh token	16	change_refreshtoken
63	Can delete refresh token	16	delete_refreshtoken
64	Can view refresh token	16	view_refreshtoken
65	Can add association	17	add_association
66	Can change association	17	change_association
67	Can delete association	17	delete_association
68	Can view association	17	view_association
69	Can add code	18	add_code
70	Can change code	18	change_code
71	Can delete code	18	delete_code
72	Can view code	18	view_code
73	Can add nonce	19	add_nonce
74	Can change nonce	19	change_nonce
75	Can delete nonce	19	delete_nonce
76	Can view nonce	19	view_nonce
77	Can add user social auth	20	add_usersocialauth
78	Can change user social auth	20	change_usersocialauth
79	Can delete user social auth	20	delete_usersocialauth
80	Can view user social auth	20	view_usersocialauth
81	Can add partial	21	add_partial
82	Can change partial	21	change_partial
83	Can delete partial	21	delete_partial
84	Can view partial	21	view_partial
85	Can add exchange backend	22	add_exchangebackend
86	Can change exchange backend	22	change_exchangebackend
87	Can delete exchange backend	22	delete_exchangebackend
88	Can view exchange backend	22	view_exchangebackend
89	Can add rate	23	add_rate
90	Can change rate	23	change_rate
91	Can delete rate	23	delete_rate
92	Can view rate	23	view_rate
93	Can add user	24	add_user
94	Can change user	24	change_user
95	Can delete user	24	delete_user
96	Can view user	24	view_user
97	Can add billing address	25	add_billingaddress
98	Can change billing address	25	change_billingaddress
99	Can delete billing address	25	delete_billingaddress
100	Can view billing address	25	view_billingaddress
101	Can add shipping address	26	add_shippingaddress
102	Can change shipping address	26	change_shippingaddress
103	Can delete shipping address	26	delete_shippingaddress
104	Can view shipping address	26	view_shippingaddress
105	Can add profile	27	add_profile
106	Can change profile	27	change_profile
107	Can delete profile	27	delete_profile
108	Can view profile	27	view_profile
109	Can add password reset	28	add_passwordreset
110	Can change password reset	28	change_passwordreset
111	Can delete password reset	28	delete_passwordreset
112	Can view password reset	28	view_passwordreset
113	Can add email confirmation	29	add_emailconfirmation
114	Can change email confirmation	29	change_emailconfirmation
115	Can delete email confirmation	29	delete_emailconfirmation
116	Can view email confirmation	29	view_emailconfirmation
117	Can add brand	30	add_brand
118	Can change brand	30	change_brand
119	Can delete brand	30	delete_brand
120	Can view brand	30	view_brand
121	Can add filter properties	31	add_filterproperties
122	Can change filter properties	31	change_filterproperties
123	Can delete filter properties	31	delete_filterproperties
124	Can view filter properties	31	view_filterproperties
125	Can add MiddlePriceRange	32	add_middlepricerange
126	Can change MiddlePriceRange	32	change_middlepricerange
127	Can delete MiddlePriceRange	32	delete_middlepricerange
128	Can view MiddlePriceRange	32	view_middlepricerange
129	Can add PriceFilterCategory	33	add_pricefiltercategory
130	Can change PriceFilterCategory	33	change_pricefiltercategory
131	Can delete PriceFilterCategory	33	delete_pricefiltercategory
132	Can view PriceFilterCategory	33	view_pricefiltercategory
133	Can add product	34	add_product
134	Can change product	34	change_product
135	Can delete product	34	delete_product
136	Can view product	34	view_product
137	Can add FilterCategory	35	add_filtercategory
138	Can change FilterCategory	35	change_filtercategory
139	Can delete FilterCategory	35	delete_filtercategory
140	Can view FilterCategory	35	view_filtercategory
141	Can add Category	36	add_category
142	Can change Category	36	change_category
143	Can delete Category	36	delete_category
144	Can view Category	36	view_category
145	Can add answer	37	add_answer
146	Can change answer	37	change_answer
147	Can delete answer	37	delete_answer
148	Can view answer	37	view_answer
149	Can add comment on review	38	add_commentonreview
150	Can change comment on review	38	change_commentonreview
151	Can delete comment on review	38	delete_commentonreview
152	Can view comment on review	38	view_commentonreview
153	Can add filter values	39	add_filtervalues
154	Can change filter values	39	change_filtervalues
155	Can delete filter values	39	delete_filtervalues
156	Can view filter values	39	view_filtervalues
157	Can add report	40	add_report
158	Can change report	40	change_report
159	Can delete report	40	delete_report
160	Can view report	40	view_report
161	Can add product review	41	add_productreview
162	Can change product review	41	change_productreview
163	Can delete product review	41	delete_productreview
164	Can view product review	41	view_productreview
165	Can add faq	42	add_faq
166	Can change faq	42	change_faq
167	Can delete faq	42	delete_faq
168	Can view faq	42	view_faq
169	Can add abstract product	43	add_abstractproduct
170	Can change abstract product	43	change_abstractproduct
171	Can delete abstract product	43	delete_abstractproduct
172	Can view abstract product	43	view_abstractproduct
173	Can add product info	43	add_productinfo
174	Can change product info	43	change_productinfo
175	Can delete product info	43	delete_productinfo
176	Can view product info	43	view_productinfo
177	Can add answer	44	add_answer
178	Can change answer	44	change_answer
179	Can delete answer	44	delete_answer
180	Can view answer	44	view_answer
181	Can add brand	45	add_brand
182	Can change brand	45	change_brand
183	Can delete brand	45	delete_brand
184	Can view brand	45	view_brand
185	Can add Category	46	add_category
186	Can change Category	46	change_category
187	Can delete Category	46	delete_category
188	Can view Category	46	view_category
189	Can add comment on review	47	add_commentonreview
190	Can change comment on review	47	change_commentonreview
191	Can delete comment on review	47	delete_commentonreview
192	Can view comment on review	47	view_commentonreview
193	Can add faq	48	add_faq
194	Can change faq	48	change_faq
195	Can delete faq	48	delete_faq
196	Can view faq	48	view_faq
197	Can add FilterCategory	49	add_filtercategory
198	Can change FilterCategory	49	change_filtercategory
199	Can delete FilterCategory	49	delete_filtercategory
200	Can view FilterCategory	49	view_filtercategory
201	Can add filter values	50	add_filtervalues
202	Can change filter values	50	change_filtervalues
203	Can delete filter values	50	delete_filtervalues
204	Can view filter values	50	view_filtervalues
205	Can add MiddlePriceRange	51	add_middlepricerange
206	Can change MiddlePriceRange	51	change_middlepricerange
207	Can delete MiddlePriceRange	51	delete_middlepricerange
208	Can view MiddlePriceRange	51	view_middlepricerange
209	Can add PriceFilterCategory	52	add_pricefiltercategory
210	Can change PriceFilterCategory	52	change_pricefiltercategory
211	Can delete PriceFilterCategory	52	delete_pricefiltercategory
212	Can view PriceFilterCategory	52	view_pricefiltercategory
213	Can add sub category	53	add_subcategory
214	Can change sub category	53	change_subcategory
215	Can delete sub category	53	delete_subcategory
216	Can view sub category	53	view_subcategory
217	Can add report	54	add_report
218	Can change report	54	change_report
219	Can delete report	54	delete_report
220	Can view report	54	view_report
221	Can add product review	55	add_productreview
222	Can change product review	55	change_productreview
223	Can delete product review	55	delete_productreview
224	Can view product review	55	view_productreview
225	Can add product info	56	add_productinfo
226	Can change product info	56	change_productinfo
227	Can delete product info	56	delete_productinfo
228	Can view product info	56	view_productinfo
229	Can add product	57	add_product
230	Can change product	57	change_product
231	Can delete product	57	delete_product
232	Can view product	57	view_product
233	Can add filter properties	58	add_filterproperties
234	Can change filter properties	58	change_filterproperties
235	Can delete filter properties	58	delete_filterproperties
236	Can view filter properties	58	view_filterproperties
237	Can add seller	59	add_seller
238	Can change seller	59	change_seller
239	Can delete seller	59	delete_seller
240	Can view seller	59	view_seller
241	Can add product faq	48	add_productfaq
242	Can change product faq	48	change_productfaq
243	Can delete product faq	48	delete_productfaq
244	Can view product faq	48	view_productfaq
245	Can add product faq answer	44	add_productfaqanswer
246	Can change product faq answer	44	change_productfaqanswer
247	Can delete product faq answer	44	delete_productfaqanswer
248	Can view product faq answer	44	view_productfaqanswer
249	Can add available options	60	add_availableoptions
250	Can change available options	60	change_availableoptions
251	Can delete available options	60	delete_availableoptions
252	Can view available options	60	view_availableoptions
253	Can add select values	61	add_selectvalues
254	Can change select values	61	change_selectvalues
255	Can delete select values	61	delete_selectvalues
256	Can view select values	61	view_selectvalues
257	Can add available filter select options	60	add_availablefilterselectoptions
258	Can change available filter select options	60	change_availablefilterselectoptions
259	Can delete available filter select options	60	delete_availablefilterselectoptions
260	Can view available filter select options	60	view_availablefilterselectoptions
261	Can add filter values select	61	add_filtervaluesselect
262	Can change filter values select	61	change_filtervaluesselect
263	Can delete filter values select	61	delete_filtervaluesselect
264	Can view filter values select	61	view_filtervaluesselect
265	Can add filter values text	50	add_filtervaluestext
266	Can change filter values text	50	change_filtervaluestext
267	Can delete filter values text	50	delete_filtervaluestext
268	Can view filter values text	50	view_filtervaluestext
\.


--
-- Data for Name: auth_group_permissions; Type: TABLE DATA; Schema: public; Owner: shopit
--

COPY public.auth_group_permissions (id, group_id, permission_id) FROM stdin;
\.


--
-- Data for Name: users_user; Type: TABLE DATA; Schema: public; Owner: shopit
--

COPY public.users_user (id, password, last_login, email, contact_number, first_name, last_name, date_of_birth, avatar, is_active, is_admin, is_superuser, is_email_verified, is_customer, is_seller, date_joined, md5_hash) FROM stdin;
327	argon2$argon2i$v=19$m=512,t=2,p=2$ZHdraHhsYXZUWTE5$mD05ER3jYBgTW8ak0U5DlA	\N	aaravagarwal@singh-burman.com	+918907347547	Viaan	Reddy	1921-06-26		t	f	f	f	f	t	2020-10-26 18:34:11.456663+00	4a6e0a1ad3e5100ffddd275609c6326e
109	argon2$argon2i$v=19$m=512,t=2,p=2$d2NhOFg3ZmlJUUVx$0vm47UogVtCGuPNC00UvKA	2020-10-28 09:23:31.907387+00	admin@shopit.com	+919567345690	admin	\N	\N		t	t	t	f	f	f	2020-10-26 14:56:40.631266+00	4f4cf5561954de57e66d29f22bcb6136
378	argon2$argon2i$v=19$m=512,t=2,p=2$ZW1MMTlEUXVuQVRa$JIccukSsGySIyxQmsCrqhg	\N	diyabedi@dara-sharma.net	03593 424875	Vivaan	Banerjee	1943-08-02		t	f	f	f	t	f	2020-10-26 18:36:38.293931+00	e678f85db38679578cb6c745c3079eb3
370	argon2$argon2i$v=19$m=512,t=2,p=2$aFR5czVqemMwOGsx$0AMgDJvmxzP4uII4GKdKzA	\N	kreddy@babu-babu.com	01964 082442	Ryan	Acharya	1986-03-08		t	f	f	f	t	f	2020-10-26 18:36:23.290049+00	1dee8b9b0b09228518e9fb979082820f
373	argon2$argon2i$v=19$m=512,t=2,p=2$RjM4VXRad3dDVUIy$lAHDbLpOF4kZIBftquyQxg	\N	mvarma@reddy.com	+916726020984	Advika	Balakrishnan	1976-08-26		t	f	f	f	t	f	2020-10-26 18:36:28.295906+00	8def8452993522af8b130ae9e129f3b5
371	argon2$argon2i$v=19$m=512,t=2,p=2$c2FpdjRJRkZVempW$sKRpF338PSlyn1KGfYdquA	\N	ishaan31@gmail.com	05249266083	Sri	Reddy	1926-08-11		t	f	f	f	t	f	2020-10-26 18:36:25.088516+00	c8d7cda07901dcc489a8b930ed715cf7
372	argon2$argon2i$v=19$m=512,t=2,p=2$RHdYS003UzNxWU5G$BGjbYAFYJ44orRPxVeDIIA	\N	burmanreyansh@yahoo.com	08798172619	Ayaan	Acharya	1986-07-01		t	f	f	f	t	f	2020-10-26 18:36:26.61898+00	8ab1d109ee58ae63bbc189b0086be0f9
374	argon2$argon2i$v=19$m=512,t=2,p=2$bUUwZ3VDSE5RQ3VZ$tAcKvH5pWh0IPcocFAiCpg	\N	wbedi@varma.com	01793100253	Advait	Varma	1958-04-21		t	f	f	f	t	f	2020-10-26 18:36:30.914475+00	001e51d582b3aa8d6e90a479f27db199
384	argon2$argon2i$v=19$m=512,t=2,p=2$UGh6VlBwZnV5Zkd6$IFKAu0+aLm+jRCsAFBuP+w	\N	anaya48@hotmail.com	+91 509 3939878	Vivaan	Singh	1936-05-12		t	f	f	f	t	f	2020-10-26 18:36:49.669831+00	e8f0ae2832b26b20404ce6c723d27eb5
375	argon2$argon2i$v=19$m=512,t=2,p=2$UDVMbUQ4YXNNOEE5$+R5Y/C92nUhIWlgtmewRCg	\N	anthonyeva@babu.com	+917995765870	Anika	Sharma	1919-12-30		t	f	f	f	t	f	2020-10-26 18:36:33.069361+00	b5ebb8e586bbca3d9063d4822fe4711b
379	argon2$argon2i$v=19$m=512,t=2,p=2$MFp5cDJnM1NWa0gw$fGd7JowUeKc5h3mKz1zsIw	\N	kiaan75@acharya-anthony.com	09396 918790	Viaan	Babu	1913-11-16		t	f	f	f	t	f	2020-10-26 18:36:40.350519+00	f772b20fafb239a3e09140a753fcab00
376	argon2$argon2i$v=19$m=512,t=2,p=2$WmF2MUtYRzZLb2dC$v5Y6rIKKKDro49BoHRjBkQ	\N	apatil@singh.net	+917276768862	Anika	Patil	2007-12-01		t	f	f	f	t	f	2020-10-26 18:36:34.300533+00	459d187dead3f92b8056739e7230e6c0
377	argon2$argon2i$v=19$m=512,t=2,p=2$RjdRaFpJZ0JZaXlB$PQ17OoOjRVUT2LHWrkjDKw	\N	daraanaya@hotmail.com	+916500149187	Shaurya	Anthony	1976-01-28		t	f	f	f	t	f	2020-10-26 18:36:36.065622+00	d8124456dceba2ab928af3af7e19c34d
382	argon2$argon2i$v=19$m=512,t=2,p=2$MlpDSWV2Z0VZSDlZ$WnAepqj+HMbbElEcFjp6Lg	\N	eva98@bakshi-reddy.com	072-49249864	Aadya	Singh	1942-07-14		t	f	f	f	t	f	2020-10-26 18:36:46.274769+00	7f937c209da3544c48c02ab57cf412da
380	argon2$argon2i$v=19$m=512,t=2,p=2$V0pYV1R3eDZJU3pW$RTi9bdXDv8DLJaXnfOsnZQ	\N	ryan60@hotmail.com	+917413262106	Muhammad	Acharya	2001-12-19		t	f	f	f	t	f	2020-10-26 18:36:42.364737+00	2a9b984f5dcd9849e7df2a517a4c05aa
381	argon2$argon2i$v=19$m=512,t=2,p=2$SnZjUDVObEpLSWZO$usSaOW9zPbMbTT/vBAhExA	\N	acharyavihaan@hotmail.com	019-00006426	Myra	Sharma	1917-07-18		t	f	f	f	t	f	2020-10-26 18:36:44.026624+00	ff496da7bd75999506fbbb67c258fcb6
383	argon2$argon2i$v=19$m=512,t=2,p=2$Q2F1T2VVSHhjaHg5$S00/52dJuPIISbv7d12YXg	\N	muhammad78@gmail.com	096-66107988	Arjun	Agarwal	1975-05-12		t	f	f	f	t	f	2020-10-26 18:36:48.138698+00	9ed85c3736c5b973e3dbce423afd1ff7
386	argon2$argon2i$v=19$m=512,t=2,p=2$ZGRPTkdYV3BiRlQ0$oFFhifprYxUsqmyplu/lzw	\N	bagarwal@gmail.com	+916661948072	Muhammad	Banerjee	1937-04-26		t	f	f	f	t	f	2020-10-26 18:36:53.617726+00	8f3d685039458b3c7d47bceb2dadd318
385	argon2$argon2i$v=19$m=512,t=2,p=2$d05iWkNQREt0U0R6$xO0avWHwN9Q33f63UNT/xQ	\N	mbedi@hotmail.com	03927217908	Sri	Bhatt	1963-05-14		t	f	f	f	t	f	2020-10-26 18:36:51.70462+00	c2d8eee48e43eb32d2bca7b2850cbfdf
387	argon2$argon2i$v=19$m=512,t=2,p=2$YWk0SWdsR1FmT0lU$nLfanORMcAfkgeSuP+VtPw	\N	bedifathima@hotmail.com	+918140492572	Advika	Dara	1962-01-27		t	f	f	f	t	f	2020-10-26 18:36:55.593232+00	105cad2b222181d8c0add6fad773f7d6
388	argon2$argon2i$v=19$m=512,t=2,p=2$NEZ3Qkp1bWlGdmtn$0enuHTEvqlm7OpkwINmHjg	\N	diyaburman@yahoo.com	+91 023 4856938	Atharv	Acharya	1978-09-15		t	f	f	f	t	f	2020-10-26 18:36:57.236611+00	20c4a9109cebe9b6c013dda857dc9e2f
389	argon2$argon2i$v=19$m=512,t=2,p=2$WnU2OWpPRklZV1E4$0qYfC+7M9WXEG2pEds5wIA	\N	kiaanacharya@anthony-burman.org	04774914617	Sai	Dara	1998-11-17		t	f	f	f	t	f	2020-10-26 18:36:59.103518+00	7eb9fbe12fa1fb26bb4bc3e9cc792461
390	argon2$argon2i$v=19$m=512,t=2,p=2$NmNPVW1RVVc5MzBx$weeQrFxsCAKj87kpsMigqQ	\N	banerjeeatharv@yahoo.com	03395552904	Myra	Reddy	2001-03-20		t	f	f	f	t	f	2020-10-26 18:37:01.638447+00	2ad8987b00425138fd31bd2fd1dc2a58
409	argon2$argon2i$v=19$m=512,t=2,p=2$ak5WZlFuRXY3SG42$Y5L9sFKIatqFBuhTqFOqMQ	\N	diyaagarwal@hotmail.com	00752194221	Ishaan	Burman	2004-04-12		t	f	f	f	t	f	2020-10-26 18:37:35.963539+00	3bf5a9cb381623b98a621708deb04379
391	argon2$argon2i$v=19$m=512,t=2,p=2$aHkxc0ZxRVFnMUQ4$mmOnLzAPCcmFC4NB5+IPxA	\N	reddyeva@sharma.biz	010-03073678	Amaira	Bhatt	1995-11-22		t	f	f	f	t	f	2020-10-26 18:37:03.251815+00	2264942fb0c24280f0737b11e52f89dc
402	argon2$argon2i$v=19$m=512,t=2,p=2$ZVJLd05aT1Y4ODd1$vyRLMkRajlBix0t+483ULA	\N	arjun23@dara.com	07403384451	Kiaan	Bedi	1913-03-25		t	f	f	f	t	f	2020-10-26 18:37:24.683224+00	375af94e0b417ad65d53bb371f01f953
392	argon2$argon2i$v=19$m=512,t=2,p=2$dHl4cEhEMTFCTU1M$m6vPyvpHKj7a7+WSPi1B7A	\N	kbabu@hotmail.com	+91 1789079543	Tanvi	Burman	1924-07-08		t	f	f	f	t	f	2020-10-26 18:37:05.117011+00	06acc4e83833e4228d86f1ad9c5f323b
393	argon2$argon2i$v=19$m=512,t=2,p=2$dTVRSHJGM3ZLcHFj$xj/eaimz5Os6wVRCjrFPJw	\N	vihaan30@dara-bedi.biz	+912740453755	Myra	Balakrishnan	1995-07-24		t	f	f	f	t	f	2020-10-26 18:37:07.369635+00	8382e1f71cc393e02f461fd13e1559ff
394	argon2$argon2i$v=19$m=512,t=2,p=2$aVZUMGxSS1ZsWmw0$30CIpvS6hNhSCIKTnVDucQ	\N	aaradhyaagarwal@varma.org	+919923822509	Ananya	Bakshi	2009-03-21		t	f	f	f	t	f	2020-10-26 18:37:09.091996+00	c09404531886e1387e1ff4de7c85c0d5
403	argon2$argon2i$v=19$m=512,t=2,p=2$cW9seGJ3S0FmUGVK$oRGHK4QeRw7Utp4wxKu9mQ	\N	amairapatil@gmail.com	04848 713430	Inaaya	Banerjee	2015-01-09		t	f	f	f	t	f	2020-10-26 18:37:26.62123+00	b28c7b917fc00d7536c168a00cfc1e59
395	argon2$argon2i$v=19$m=512,t=2,p=2$aWVZTjB0Yk1yblky$E9fxLGJaEbdxHuf5qTZsEw	\N	reddyswara@gmail.com	+916341182073	Myra	Sharma	1907-08-04		t	f	f	f	t	f	2020-10-26 18:37:10.651352+00	8ff09c6b2943369d5bc3779a8429eac9
396	argon2$argon2i$v=19$m=512,t=2,p=2$THA1Tkxic1FIVlFN$9jRQIHLBeNUhiSUZ5U+PWg	\N	fbhatt@babu-singh.com	05936808615	Atharv	Singh	1945-05-02		t	f	f	f	t	f	2020-10-26 18:37:12.184076+00	3f54b283c4e4d28a9cba963db3ebc2fb
397	argon2$argon2i$v=19$m=512,t=2,p=2$V0tpTGx3YjVqZjM3$wbNZhSDJRDAQZ0hIk2wB6g	\N	vihaanreddy@singh.org	081-29366083	Ryan	Patil	1973-07-23		t	f	f	f	t	f	2020-10-26 18:37:14.741393+00	37470ea51bd257cd23c4124d74450da3
404	argon2$argon2i$v=19$m=512,t=2,p=2$c05PQ1U5OTFuZmVk$LviCY2Q9h5j3eRu8lpAb3A	\N	inaayasharma@bakshi-bhatt.com	032-53580516	Aarush	Reddy	1988-03-29		t	f	f	f	t	f	2020-10-26 18:37:27.969321+00	f19d2ff605d960e08654f799cee0e224
398	argon2$argon2i$v=19$m=512,t=2,p=2$SXR0R3loZjdENHBQ$c/Nqyvp8FK6vj3geyE6Faw	\N	parthburman@singh.info	+91 162 6110018	Diya	Burman	2008-03-13		t	f	f	f	t	f	2020-10-26 18:37:16.267006+00	e1c3af282f65c9900f72892c7ab9aabc
399	argon2$argon2i$v=19$m=512,t=2,p=2$ZnpxSHE4cXhNMDZr$r91n5qeTvNQOGgSPXRFnlw	\N	anvi78@bhatt.com	07898468540	Reyansh	Bhatt	1915-10-24		t	f	f	f	t	f	2020-10-26 18:37:18.329894+00	786942425a608567c647e8cf3a9e3804
410	argon2$argon2i$v=19$m=512,t=2,p=2$NnVvb0h3QUFEam1M$JNjEcuc4VmBHZCvDdrjyMQ	\N	aaravburman@acharya.com	009-35749473	Aarav	Patil	1941-07-17		t	f	f	f	t	f	2020-10-26 18:37:37.538951+00	23c1325eb5b1bb82f3af2f13fbc7ef8c
400	argon2$argon2i$v=19$m=512,t=2,p=2$UzdhTFhhaUJQUWly$RLtItPLezW+mbx9cIaRJwQ	\N	maryam21@bhatt.com	03301 362672	Aadya	Dara	1979-01-16		t	f	f	f	t	f	2020-10-26 18:37:20.894029+00	56e2b05e750ae727f091bcd6a2e4109d
405	argon2$argon2i$v=19$m=512,t=2,p=2$bWVWT3lISjdOdDdn$QP8hNqa7Aa5cgDPY+nztWA	\N	anvivarma@sharma.com	+91 504 1129165	Atharv	Bakshi	1999-08-12		t	f	f	f	t	f	2020-10-26 18:37:29.536712+00	1ff0e2245cdc3514a72cd6e0befdfec4
401	argon2$argon2i$v=19$m=512,t=2,p=2$S0JXSjZHOG84NTdW$zmQ8zXCiFp8rwYuCtGXkcg	\N	vivaan58@burman-burman.com	054-27172382	Daniel	Banerjee	2006-05-23		t	f	f	f	t	f	2020-10-26 18:37:22.732521+00	cec4a7b909a34d17db4810671124791b
406	argon2$argon2i$v=19$m=512,t=2,p=2$bjNWWHlKTTJZNzBS$pFllzoSHLuZ08NmafWK0VQ	\N	shanayasharma@yahoo.com	04775 733094	Anaya	Sharma	1965-02-04		t	f	f	f	t	f	2020-10-26 18:37:30.745818+00	950ce737ec5e10693d2953de52a00076
414	argon2$argon2i$v=19$m=512,t=2,p=2$a0l4NHBmTWlzWDRH$zhrlu4zejWnSxeSV96rG2g	\N	mreddy@hotmail.com	07838 240111	Daniel	Dara	1975-10-15		t	f	f	f	t	f	2020-10-26 18:37:46.076862+00	40d4ea348a4e586e2600a724ef7cb535
407	argon2$argon2i$v=19$m=512,t=2,p=2$d2pkMkNFbmJZWWhN$JQx/QgQzqrSVueR5iVdZ7Q	\N	singhatharv@yahoo.com	01777 222199	Vihaan	Patil	1942-04-03		t	f	f	f	t	f	2020-10-26 18:37:32.972472+00	e901dbe80fb87a8b52d3d981a74998b0
411	argon2$argon2i$v=19$m=512,t=2,p=2$bE52NHM5NHNIcm56$lj2vfblVW3cJZYRDjf5S7Q	\N	kiaanacharya@gmail.com	061-31641711	Vivaan	Banerjee	1973-10-04		t	f	f	f	t	f	2020-10-26 18:37:39.356799+00	7b3d97ff0e3e670a8ef581dfd7aa94cf
408	argon2$argon2i$v=19$m=512,t=2,p=2$M1ZsbElaOFQ1T203$t3ch9zWa4468LFulOVLscQ	\N	advikabedi@yahoo.com	+918587775308	Ayansh	Acharya	1914-06-19		t	f	f	f	t	f	2020-10-26 18:37:34.525529+00	dfbf9a5411ad2aab7671fc0e0f0626eb
417	argon2$argon2i$v=19$m=512,t=2,p=2$SDJiZkJRYlBhWm41$hLwwLRfpFpS9WYhUW43UGw	\N	amairabanerjee@gmail.com	+91 0823471900	Advait	Anthony	1997-01-26		t	f	f	f	t	f	2020-10-26 18:37:52.533349+00	53d0f9d24c2464e347e0f84e2ccd0861
412	argon2$argon2i$v=19$m=512,t=2,p=2$a2VQUW92NjJyQzNT$ST0mON/4pxI9Omthf6jIog	\N	pbakshi@dara-anthony.org	010-76788832	Ryan	Bhatt	2016-06-15		t	f	f	f	t	f	2020-10-26 18:37:41.369587+00	7859eb17a112c1387457dbbe9054db10
415	argon2$argon2i$v=19$m=512,t=2,p=2$OHlNenJWVTdJNjJm$7InXUgIr6013oKblU6AsBw	\N	zbalakrishnan@gmail.com	021-50477124	Sri	Singh	1993-10-26		t	f	f	f	t	f	2020-10-26 18:37:48.025431+00	4c387bc719b536f0a5b4b9faeb447c68
413	argon2$argon2i$v=19$m=512,t=2,p=2$YUd0Y25ySU1neG5y$jei7vvDCNVzQY6BePfWspA	\N	aaravburman@gmail.com	+914954293825	Shaurya	Varma	2006-07-08		t	f	f	f	t	f	2020-10-26 18:37:43.520021+00	d12b62d65d0b93522b79937adbb8df0a
416	argon2$argon2i$v=19$m=512,t=2,p=2$YTkxbG9ONW0yUXYy$CbTa8qOPUsOJOasH75gbKA	\N	aaradhya23@burman.com	036-49579748	Aarush	Banerjee	1976-09-19		t	f	f	f	t	f	2020-10-26 18:37:50.61273+00	756e66dbe5b201bae2f97e70bbf51042
418	argon2$argon2i$v=19$m=512,t=2,p=2$eE54Z0dSWHBZdHUz$5s76zBBK1udD1bkKEdsqJA	\N	daraarjun@agarwal.org	+912923735072	Vivaan	Patil	1994-09-16		t	f	f	f	t	f	2020-10-26 18:37:53.892758+00	a15b3820b826aede714f20a273c76046
419	argon2$argon2i$v=19$m=512,t=2,p=2$UkhVZ0FGTzgzNm0y$Y40IUIVXgFvAv682EsWKTw	\N	gbabu@babu.com	+915856711405	Eva	Burman	1928-06-08		t	f	f	f	t	f	2020-10-26 18:37:55.94836+00	a6ce851d84671f747a7702ec4412b8ba
420	argon2$argon2i$v=19$m=512,t=2,p=2$bkFzdmRDZjYxbktJ$cMoPq3CZE3YvkuhjXcR+cw	\N	kiaanbedi@yahoo.com	+919555828293	Ishaan	Bedi	1980-06-13		t	f	f	f	t	f	2020-10-26 18:37:57.968382+00	ab2cc4a572f9be0c689e8f9a6b8cff79
421	argon2$argon2i$v=19$m=512,t=2,p=2$bEgzVjFhQUpVVEFs$VPvmpn/d8DgxhFH76K+3mw	\N	atharvbanerjee@yahoo.com	010-20066786	Aavya	Anthony	1974-09-14		t	f	f	f	t	f	2020-10-26 18:37:59.599692+00	a99f9c608463cc4c88dde8a416992adb
422	argon2$argon2i$v=19$m=512,t=2,p=2$Ukxscm5ab3gwZW5K$jQ8gM4AQRsQHX4X3sRUfig	\N	swara12@bhatt-patil.com	097-53314297	Parth	Patil	1936-02-29		t	f	f	f	t	f	2020-10-26 18:38:02.053982+00	58a8a4ce88ab7f33fb5b340f4a9274d9
423	argon2$argon2i$v=19$m=512,t=2,p=2$MWVLZFd3cjVPdm44$0LlLRwzS1vn8IwMaQY9j5g	\N	ayanshsharma@gmail.com	094-52091504	Shanaya	Patil	2018-10-15		t	f	f	f	t	f	2020-10-26 18:38:04.409416+00	7cc411175c360d0df305823bdc104355
424	argon2$argon2i$v=19$m=512,t=2,p=2$ajZndkZFVkNobXB3$RRPsCzGHAUyhtoT8NtSTlQ	\N	fbabu@yahoo.com	+91 093 8149649	Advika	Balakrishnan	1953-12-24		t	f	f	f	t	f	2020-10-26 18:38:06.858174+00	c0fc862e56b172bb9260163fd3e6ce57
447	argon2$argon2i$v=19$m=512,t=2,p=2$NDl6SE96T09ZMUd3$Ytrw1alkuclyRfQ7Jv4uTA	\N	bediarjun@hotmail.com	01987 509688	Sri	Acharya	2018-08-04		t	f	f	f	t	f	2020-10-26 18:38:52.02556+00	a6639a66cc7e2da9a5ed9e13508fc79c
425	argon2$argon2i$v=19$m=512,t=2,p=2$Z2hPRXJoV3ZjeDNS$8yyUwiEN8iWO3tChwVfbRg	\N	cbabu@yahoo.com	032-49333781	Shaurya	Anthony	1953-12-21		t	f	f	f	t	f	2020-10-26 18:38:09.120027+00	100a6b92c4d075efc8f726cab5c40ccf
436	argon2$argon2i$v=19$m=512,t=2,p=2$QlNGZHdjRDBMYTRT$vGnIgWxW0Kgfx8jC8m5xqQ	\N	udara@gmail.com	04271 784095	Reyansh	Singh	1918-04-06		t	f	f	f	t	f	2020-10-26 18:38:30.932157+00	756b64071093d5ccdc4aa7dbc5e7b429
426	argon2$argon2i$v=19$m=512,t=2,p=2$RjJRc0lJb3Z6MEMy$m8jBXokqWYaFRTKVsD2B5Q	\N	singhtanvi@bakshi.info	015-17272501	Maryam	Babu	1989-09-02		t	f	f	f	t	f	2020-10-26 18:38:11.371445+00	5c6f50558735d29287db19c6926aba66
427	argon2$argon2i$v=19$m=512,t=2,p=2$NUs2NFZxaVRyS216$zT3he9UMZsBbYnf7osgt9Q	\N	sbedi@gmail.com	+919668372121	Kiaan	Banerjee	1964-03-13		t	f	f	f	t	f	2020-10-26 18:38:12.974508+00	101eae7c816c9beb980c6e7cc183b0a5
443	argon2$argon2i$v=19$m=512,t=2,p=2$NE1jdzBSN29pd2lJ$k9cImGNneNQhv0a0FMlTqw	\N	saibabu@burman.com	+919624957813	Maryam	Reddy	1918-05-22		t	f	f	f	t	f	2020-10-26 18:38:43.115866+00	08a577f6720e79f58a93922e22d4c26e
428	argon2$argon2i$v=19$m=512,t=2,p=2$dFdtWjlqYzdqYkNr$5Wkfs2KGQjmytev+ObN9Og	\N	saibabu@dara-bhatt.com	06050686082	Shanaya	Patil	2014-10-20		t	f	f	f	t	f	2020-10-26 18:38:15.108078+00	bd192314bb2da8c83941e111724f8d37
437	argon2$argon2i$v=19$m=512,t=2,p=2$aWlYbXQ5bldydzln$/ajoNGcCfdB7MS+VtZYO8Q	\N	usharma@yahoo.com	045-86284865	Anika	Singh	1962-01-26		t	f	f	f	t	f	2020-10-26 18:38:32.627446+00	a00f0f6ae584357e2972af3305c5fbe1
429	argon2$argon2i$v=19$m=512,t=2,p=2$RUNFYWUwa0NKdUdB$Qul1i/X1ivdJ+8eVXEQQXQ	\N	bedimyra@varma-anthony.info	+91 0326913439	Parth	Reddy	1918-01-11		t	f	f	f	t	f	2020-10-26 18:38:17.512307+00	29edf4ec788172316f611de2a9de85e9
430	argon2$argon2i$v=19$m=512,t=2,p=2$OFVMekppUzU1SUVS$qAWecd/yPKHiP0EthsJ+aA	\N	anvibakshi@hotmail.com	+916666584205	Aadvik	Singh	1933-05-26		t	f	f	f	t	f	2020-10-26 18:38:19.346925+00	bd235c1f40d53a4055a2543591ff7e7d
431	argon2$argon2i$v=19$m=512,t=2,p=2$UWFvd3VBcHowbVZN$ix4OrV/BrjjD3NSMpmy71g	\N	qacharya@hotmail.com	+919784267025	Diya	Bedi	1929-07-17		t	f	f	f	t	f	2020-10-26 18:38:21.920476+00	07f11bfb23a7293c9e400592e1dc8240
438	argon2$argon2i$v=19$m=512,t=2,p=2$YnVMNEtUMFlmbWVH$RsplehC6yuF5DLLYO9mw/g	\N	anthonydaniel@acharya.biz	+918755238753	Shanaya	Bakshi	1909-03-13		t	f	f	f	t	f	2020-10-26 18:38:34.369003+00	f1bf4fd9e246dceebbd88479ee785987
432	argon2$argon2i$v=19$m=512,t=2,p=2$SkFCbVd4dVdmckw1$9qcK/z/5oitYPybNs9fNTA	\N	rbanerjee@reddy.com	09927103166	Fathima	Agarwal	2005-01-14		t	f	f	f	t	f	2020-10-26 18:38:23.836705+00	26383aea195ee3ab2fece41d454fb45e
433	argon2$argon2i$v=19$m=512,t=2,p=2$OVZ0OEZRVVVhbGh2$B5VdBElq7UQU3yP4rEYgGA	\N	viaan36@gmail.com	01257 711907	Inaaya	Patil	1906-07-13		t	f	f	f	t	f	2020-10-26 18:38:25.404809+00	41dcf8f88fefd6dd6926df78a5723548
434	argon2$argon2i$v=19$m=512,t=2,p=2$c0FsMWRBQjAxcER0$0cpjqNE1u5BLuhUYGQkO8w	\N	psingh@bedi-balakrishnan.com	03583079128	Fathima	Banerjee	1906-05-13		t	f	f	f	t	f	2020-10-26 18:38:27.445689+00	94fbcd4a16bae58b1658c9127e6720a5
439	argon2$argon2i$v=19$m=512,t=2,p=2$QVYwYlN1TU82VzRQ$hvPKIJoS/sZ2a68YypOsVQ	\N	ianthony@yahoo.com	06643088618	Amaira	Babu	1939-05-16		t	f	f	f	t	f	2020-10-26 18:38:36.053033+00	ecacaf25fdee8784b539c09d12b2efce
435	argon2$argon2i$v=19$m=512,t=2,p=2$RnpTdUFhTE51bzhG$dUhnR5NOc947Ku1RVramhg	\N	ayaan35@banerjee.org	017-83623137	Aarav	Dara	1931-02-17		t	f	f	f	t	f	2020-10-26 18:38:29.483347+00	ebffab18496bbd2f97d5e776f76bc8fe
444	argon2$argon2i$v=19$m=512,t=2,p=2$MGNhaDRWVHJCbXVa$7UYekKh3rxn0q3KJ915jiA	\N	zaraburman@hotmail.com	012-56887299	Swara	Bedi	1922-06-05		t	f	f	f	t	f	2020-10-26 18:38:45.369854+00	007ac513da8137c05e90c16249786518
440	argon2$argon2i$v=19$m=512,t=2,p=2$Z3dkVDZXVE5RZkJp$fOPYuHSw62VV8vU1WhPgIA	\N	inaaya27@gmail.com	026-86793542	Aavya	Varma	1984-09-22		t	f	f	f	t	f	2020-10-26 18:38:37.992319+00	f447f74284cb5927d66e7f6b3d716034
441	argon2$argon2i$v=19$m=512,t=2,p=2$NnplTDhKYjdDZTBT$jKQKozbW8y0x4vtZdLgHDw	\N	shanayaanthony@hotmail.com	029-88405611	Myra	Sharma	1987-08-06		t	f	f	f	t	f	2020-10-26 18:38:39.834344+00	a5419df0b342d268b03b8c6fe6f88d65
450	argon2$argon2i$v=19$m=512,t=2,p=2$UlZzNU10V3VyRDJi$9O+MPAb8m0Ja/jtKMZF06w	\N	oagarwal@burman.org	+912882193287	Shaurya	Acharya	1997-04-18		t	f	f	f	t	f	2020-10-26 18:38:57.454147+00	da0c57658ab7372df40b572cb12d8ccc
442	argon2$argon2i$v=19$m=512,t=2,p=2$THBYT2ZpUVBJcG1L$M67Sa8LtFwwrNzxyWOXiug	\N	aarush75@gmail.com	074-90499233	Tanvi	Bakshi	1959-10-20		t	f	f	f	t	f	2020-10-26 18:38:41.588467+00	d461f48a41460ce8c863ab7f5d3657ec
445	argon2$argon2i$v=19$m=512,t=2,p=2$QWxpTXZoMWJaU3Az$ExRrFTqdCDLc8vg5Fej+Sw	\N	aadvikbhatt@sharma.info	+91 5559675679	Inaaya	Patil	1939-06-04		t	f	f	f	t	f	2020-10-26 18:38:47.677359+00	fdff5940ef51ffac9969cd234d4eb3df
448	argon2$argon2i$v=19$m=512,t=2,p=2$RG03SGNLN1cyeU44$xzJiDRkiYWyr+kg9591Kew	\N	sharmaanvi@agarwal.com	05633345480	Inaaya	Varma	1916-03-13		t	f	f	f	t	f	2020-10-26 18:38:54.220694+00	f862dc931f0b39e4a27bf6154ec859e2
446	argon2$argon2i$v=19$m=512,t=2,p=2$ZEVQSEN2MTYyQU15$MkSGnM9NRI40sm9zx9UCOg	\N	babuzara@gmail.com	02141 443260	Advait	Singh	1942-05-28		t	f	f	f	t	f	2020-10-26 18:38:49.769617+00	f056d5314e3c91e4e9c5309ca05d82cf
449	argon2$argon2i$v=19$m=512,t=2,p=2$Uk5nYWpzMUZJSTJl$oyySqtp5DCyhXUPFBA+yWQ	\N	singhayansh@varma.org	099-68739431	Vihaan	Babu	1983-09-12		t	f	f	f	t	f	2020-10-26 18:38:55.608751+00	90a423c19cfe7b80775987418482a8eb
452	argon2$argon2i$v=19$m=512,t=2,p=2$R0F5N0I0UXc3dVE3$CU/X2Ac9aTHP8bno8cMwog	\N	reyanshagarwal@acharya.com	00854625251	Atharv	Bedi	2011-10-07		t	f	f	f	t	f	2020-10-26 18:39:01.050401+00	aa41cd85645d09ee5a19ce4cf2c22193
451	argon2$argon2i$v=19$m=512,t=2,p=2$dzNIUUlJQ2g0ajc5$AF5DZCxXmpB+hswQA4yOsg	\N	shanayabedi@hotmail.com	018-53565739	Advait	Varma	1978-09-30		t	f	f	f	t	f	2020-10-26 18:38:59.100402+00	a148528104a2db184c9f779d4af6af6c
453	argon2$argon2i$v=19$m=512,t=2,p=2$VXQ1VjdCaTBKRWpH$7mHKBhff4vH3XDf/OT2MDQ	\N	fathima38@hotmail.com	04654419729	Sai	Acharya	1926-05-04		t	f	f	f	t	f	2020-10-26 18:39:02.572181+00	c34a5e7474b470bbcb993653c37fded8
454	argon2$argon2i$v=19$m=512,t=2,p=2$UmduUkdlaGk3VHN5$P5YWLLzCLZB97q/mKLOtEg	\N	ishaan43@yahoo.com	077-89873417	Diya	Reddy	2010-02-14		t	f	f	f	t	f	2020-10-26 18:39:04.826253+00	1d7735d9f19fe26fb95ae991e50e699a
455	argon2$argon2i$v=19$m=512,t=2,p=2$ZTlzQ1NRRUhLc0tl$Np1fPatjAyJzjKgryT6CGw	\N	shanaya30@babu.org	092-27193875	Ananya	Bedi	1947-05-03		t	f	f	f	t	f	2020-10-26 18:39:07.081065+00	b06e32a19992201056f1dc3a09ed7c9d
456	argon2$argon2i$v=19$m=512,t=2,p=2$MnBjTUpBRFYyMHdL$4zNcCDtsw61EMNCRT31VPg	\N	dreddy@hotmail.com	05826679968	Muhammad	Babu	1997-04-13		t	f	f	f	t	f	2020-10-26 18:39:09.509978+00	53d0429385794435dbf3d3a0c3b196ca
457	argon2$argon2i$v=19$m=512,t=2,p=2$UG9iQk1yejhzcnRB$va8WNOM0XU8BIhZgx17vGg	\N	daramyra@patil.com	08474 238493	Aarush	Varma	1950-01-22		t	f	f	f	t	f	2020-10-26 18:39:11.491298+00	9edda33aab79d5eece59b4255d3bbfc4
458	argon2$argon2i$v=19$m=512,t=2,p=2$d3NHOUZuQ2RNeUhF$iTx9zsGYuFT9qd170sfgzw	\N	patiladvait@agarwal.biz	035-47786735	Myra	Banerjee	1957-06-18		t	f	f	f	t	f	2020-10-26 18:39:13.118307+00	cbf67c34380bc7db3579f6cbc078c4f1
481	argon2$argon2i$v=19$m=512,t=2,p=2$RHFuUWtPUTZkdEdI$HGwpbiASkdm+WbJYQosTow	\N	vreddy@gmail.com	+912193677161	Kiaan	Reddy	1950-12-21		t	f	f	f	f	t	2020-10-26 18:40:56.851271+00	995e2f84f75cf0beec29e53b41868d84
459	argon2$argon2i$v=19$m=512,t=2,p=2$WjJPZU1EeWhQWWxH$qBw34Z79B4b8XEbv501f6g	\N	reyansh76@banerjee-bhatt.biz	01130293846	Parth	Sharma	1975-02-08		t	f	f	f	t	f	2020-10-26 18:39:15.005542+00	3ec1ce681fe7852da224060e81d860ad
470	argon2$argon2i$v=19$m=512,t=2,p=2$NDRlbnRJN2JpQ0l1$QAs6MfCEGw7in40aiOSO+Q	\N	advait10@yahoo.com	+915562301313	Zara	Dara	2004-06-30		t	t	f	f	f	f	2020-10-26 18:40:29.298721+00	301357341b8d77826996122b6d89cf55
460	argon2$argon2i$v=19$m=512,t=2,p=2$Umsxbnh5RWYwVjJX$KCTpHXr662+rqmf8uEDGyA	\N	parthdara@varma.com	+918407443107	Diya	Bakshi	1963-02-06		t	f	f	f	t	f	2020-10-26 18:39:16.595269+00	ada14d1a44550bc5de124f0d5b0e47cb
461	argon2$argon2i$v=19$m=512,t=2,p=2$RVVDZlFObUNDWFBp$//ZLOGBfER2etv7F7S7XPQ	\N	anvi47@hotmail.com	063-02023952	Amaira	Acharya	1998-09-14		t	f	f	f	t	f	2020-10-26 18:39:17.939371+00	b5cdc81c3a25748bb152b9de9c2933e5
477	argon2$argon2i$v=19$m=512,t=2,p=2$dk1tNVRhSFB6TVM5$rGM0d4Ii/1qbSiabVqUXNQ	\N	ksharma@patil.com	095-96911539	Shaurya	Anthony	1957-08-09		t	f	f	f	f	t	2020-10-26 18:40:49.085545+00	4d2f8b1340a78aee5928a617ab78fb1a
462	argon2$argon2i$v=19$m=512,t=2,p=2$bGdlS2R5Y3Z1a3Rt$OGF36ilWPecKTCBRPjlK5g	\N	fathima39@gmail.com	+911368542798	Swara	Acharya	1982-02-20		t	f	f	f	t	f	2020-10-26 18:39:19.87797+00	628a504f2074bf692ee83d466df70310
471	argon2$argon2i$v=19$m=512,t=2,p=2$SXI3eUFZMUR1bTVZ$2CuhO5gC0i6TSmZsmqpGOw	\N	anthonytanvi@bakshi-singh.org	03822 506593	Aadya	Burman	1973-03-15		t	t	f	f	f	f	2020-10-26 18:40:32.669565+00	ff7b0e1dc844a6a1919006b9d05666b7
463	argon2$argon2i$v=19$m=512,t=2,p=2$OTFvanZobnhYdVhX$RhpU6obUwADSXhe3jZ/DNw	\N	zara15@yahoo.com	09756 176923	Swara	Burman	1947-06-22		t	f	f	f	t	f	2020-10-26 18:39:22.042357+00	7a091a1e817fd6a2e31e62158cab8d78
464	argon2$argon2i$v=19$m=512,t=2,p=2$RW1yeXJjS1lNYnhF$++UVlCMU7xf0Z71BRfNS4A	\N	inaayababu@agarwal.net	+918326546436	Aadvik	Bhatt	2014-05-22		t	f	f	f	t	f	2020-10-26 18:39:23.540992+00	401ea0338835e85655b6a875edb25b16
465	argon2$argon2i$v=19$m=512,t=2,p=2$Z2xGc2hVSUNWYW4y$AElRFZvZPEb675nJnQCbyA	\N	reddyviaan@bedi.net	04665225394	Anika	Babu	1913-11-06		t	f	f	f	t	f	2020-10-26 18:39:24.997192+00	35dccb7c91a4e25ce46183a4d6339151
472	argon2$argon2i$v=19$m=512,t=2,p=2$T3V5b1F5QXByMVB6$xjNr3eO6ixN/ni6bbEXDsA	\N	anvibhatt@hotmail.com	04033 548314	Advait	Burman	1972-04-06		t	t	f	f	f	f	2020-10-26 18:40:34.732729+00	63fb91726ec4ce55c52b169d80b32b99
466	argon2$argon2i$v=19$m=512,t=2,p=2$eXJwekJMU0JkYlFs$EGjTp4pkDxoKWw5T1ek6xA	\N	sai62@bakshi.net	04128530913	Shaurya	Bedi	1962-04-28		t	f	f	f	t	f	2020-10-26 18:39:26.259905+00	a191e4879d8828356716b4727a4990ba
467	argon2$argon2i$v=19$m=512,t=2,p=2$TGNwVEdTVWJzNnh3$1GobXayY0LEp4N5BaWnyaA	\N	reddyaadvik@balakrishnan-bakshi.net	+917917303512	Advait	Bedi	1933-05-18		t	f	f	f	t	f	2020-10-26 18:39:27.764799+00	5554552d1f1cf77fa2c51e172667ebdb
468	argon2$argon2i$v=19$m=512,t=2,p=2$ZjEwS0FPTUk3aEdT$CWLJtNjNrTefeRPhmRpBMg	\N	ananya85@sharma-dara.net	+916117744143	Anaya	Patil	1936-10-07		t	f	f	f	t	f	2020-10-26 18:39:28.988417+00	bccc8336b083ded2edeecb2b842ca083
473	argon2$argon2i$v=19$m=512,t=2,p=2$cGRYVmRMYjlma0dF$aCNm7O/qQT0n8TyxyspToA	\N	tburman@burman.com	089-56780698	Tanvi	Patil	1952-10-22		t	t	f	f	f	f	2020-10-26 18:40:36.979592+00	39654b43d61f8cd0eeb2bd8df376f5a5
469	argon2$argon2i$v=19$m=512,t=2,p=2$RjBaUnV4ZEdlRWpU$9/AXhNnBViricXbWQN1dPw	\N	viaananthony@yahoo.com	076-02067365	Ananya	Singh	1920-06-03		t	f	f	f	t	f	2020-10-26 18:39:30.423714+00	710ccbf2f915996f3fda026b4e47e269
478	argon2$argon2i$v=19$m=512,t=2,p=2$N1Z1Ykp1TVdMeWxw$1y/f2vXIPVBom/FrmoUppw	\N	ubhatt@gmail.com	092-09551298	Eva	Bakshi	1960-11-14		t	f	f	f	f	t	2020-10-26 18:40:51.04248+00	8f401fe5f44fe069699004717e99a7ad
474	argon2$argon2i$v=19$m=512,t=2,p=2$MmxNbThKMGx1NG04$3z+fcgKJM6nfHDg2ZPxGEQ	\N	bakshishanaya@gmail.com	09645588757	Atharv	Reddy	2001-09-14		t	t	f	f	f	f	2020-10-26 18:40:38.623492+00	8ab761d71b1e12b135b0326f1aba56a0
475	argon2$argon2i$v=19$m=512,t=2,p=2$YXk1TGVLendkdUU1$fvWr/OiD8fCW8AKuqc3mNw	\N	anika95@sharma.com	054-67975700	Viaan	Bedi	2002-02-24		t	f	f	f	f	t	2020-10-26 18:40:44.035879+00	18630ca3882c56f284df3bd94eae37e6
484	argon2$argon2i$v=19$m=512,t=2,p=2$MWV1ZDNZaXhZNG5n$9XlAdUaARzx1374ZkyU2Pw	\N	muhammad62@gmail.com	006-75678123	Swara	Sharma	1916-08-30		t	f	f	f	f	t	2020-10-26 18:41:01.959466+00	58ae9d568e4b8ad1d82976e508311206
476	argon2$argon2i$v=19$m=512,t=2,p=2$TERydWx5enpoaldI$CCszQW3tkh/ZaiN2K90uLQ	\N	advaitsharma@hotmail.com	08343 731580	Ayansh	Babu	1998-06-13		t	f	f	f	f	t	2020-10-26 18:40:46.917782+00	3d637cfb667d116e7beed57a240b75fa
479	argon2$argon2i$v=19$m=512,t=2,p=2$bHJQZ0pvWFBPQ1dl$fxx2Az7BWVTwQ4lPFv4wTg	\N	bakshitanvi@gmail.com	05807 353448	Aadvik	Bedi	1953-05-26		t	f	f	f	f	t	2020-10-26 18:40:53.654046+00	73c08566eaaa864a0ee08b2638b35a3a
482	argon2$argon2i$v=19$m=512,t=2,p=2$RElZbVlrcVEzTE9E$7gyUgXtl3cGFDfAYhLthgw	\N	qpatil@gmail.com	04635490453	Ayaan	Patil	1956-11-29		t	f	f	f	f	t	2020-10-26 18:40:58.780792+00	87872298dcdae62da62e2dc16165f39d
480	argon2$argon2i$v=19$m=512,t=2,p=2$YnN3Y0Z6eFNzeTNI$OfTDc/ftJTljbFvp2R1IyA	\N	sharmaaarav@gmail.com	+916368760742	Anika	Bhatt	1967-08-24		t	f	f	f	f	t	2020-10-26 18:40:55.204448+00	bbc825fb808cab4b6ac76c6076f8fe94
483	argon2$argon2i$v=19$m=512,t=2,p=2$cVlRS2hzbzJUM2tK$TxYdrv0VTT2ZUsn2Px4V8w	\N	reddyreyansh@hotmail.com	01682639798	Reyansh	Balakrishnan	1928-05-14		t	f	f	f	f	t	2020-10-26 18:41:00.380304+00	32c934501cb78f9a956d2782d6fed6c7
486	argon2$argon2i$v=19$m=512,t=2,p=2$eUJtZ2RyWUFRWFlj$3BOoKO/rfgj7t3U8Rq8sxA	\N	atharvsingh@bedi.info	+91 088 5940178	Sai	Bhatt	1915-05-21		t	f	f	f	f	t	2020-10-26 18:41:05.72708+00	cbd628d6b69e09512b64aff791ca54a1
485	argon2$argon2i$v=19$m=512,t=2,p=2$N0ZIWGdoSGlhTUpO$Ji/s7eHz/SSJmUuQQuA2Tw	\N	anvi01@banerjee.com	04458 918247	Advika	Reddy	1932-06-05		t	f	f	f	f	t	2020-10-26 18:41:03.507718+00	36152041fb9bc52f4825e215859a18b7
487	argon2$argon2i$v=19$m=512,t=2,p=2$VmZHcm9MNmljTHl3$rP0N5kZUeVjxIFZfxLl3+g	\N	eva08@singh.com	086-86172144	Aaradhya	Patil	1947-03-26		t	f	f	f	f	t	2020-10-26 18:41:07.282302+00	93963af543de1dd0b2333ae7386de544
488	argon2$argon2i$v=19$m=512,t=2,p=2$aDFEdFl5V3F2c0VN$PnY2fFgSkyVHvcEv5lzzig	\N	muhammad39@dara-balakrishnan.info	+917848796664	Shanaya	Agarwal	1987-02-20		t	f	f	f	f	t	2020-10-26 18:41:08.81442+00	4eb3e3b8e05ddaac2d94e8309089eb1d
489	argon2$argon2i$v=19$m=512,t=2,p=2$M2hGQmg3TnFBMUFQ$XEOgJ1gnFmHkI4DrexOsDA	\N	lsingh@gmail.com	055-25978232	Advika	Balakrishnan	1993-09-11		t	f	f	f	f	t	2020-10-26 18:41:10.400443+00	2c56952759a43d8278922f095e5705d2
490	argon2$argon2i$v=19$m=512,t=2,p=2$WE1SV2oxaVdDM0s3$WeQGFF8T6prMld48TR+l/Q	\N	tbhatt@bakshi.com	+914424911032	Amaira	Sharma	1983-03-08		t	f	f	f	f	t	2020-10-26 18:41:12.516063+00	34d75f1b913416a1eeca5012042b61e9
491	argon2$argon2i$v=19$m=512,t=2,p=2$SWVNbE54Z2FCdFR0$FCFvrIEBXSQWSeZKUMdX6A	\N	anika97@hotmail.com	+91 505 1158789	Advika	Singh	2005-02-03		t	f	f	f	f	t	2020-10-26 18:41:14.60782+00	ddcdf420432bd830c69f0685c61788f6
492	argon2$argon2i$v=19$m=512,t=2,p=2$N0FHT1hJaUZHNlQ4$c1CrxPamLrqVaPTBGcG46g	\N	amairababu@yahoo.com	089-49359757	Muhammad	Reddy	1932-07-21		t	f	f	f	f	t	2020-10-26 18:41:16.9257+00	e06f41d503ca094f6b68de50f96bfe54
493	argon2$argon2i$v=19$m=512,t=2,p=2$UU5uaUpsQ0tNb09J$YQ26ILzoV73DMuiVG/gdxA	\N	anikabedi@yahoo.com	+91 523 2764327	Swara	Singh	1958-05-15		t	f	f	f	f	t	2020-10-26 18:41:18.571169+00	18adc47da4e6591ad34fa9dadc161dc5
494	argon2$argon2i$v=19$m=512,t=2,p=2$YzlOcDVnWWt2YjNr$37lwPlvamcotb94q0NEklw	\N	patilanvi@hotmail.com	053-11791700	Aavya	Patil	1967-04-25		t	f	f	f	f	t	2020-10-26 18:41:20.430377+00	5ce7c77828a3ea666f2d14a060924ef6
\.


--
-- Data for Name: django_admin_log; Type: TABLE DATA; Schema: public; Owner: shopit
--

COPY public.django_admin_log (id, action_time, object_id, object_repr, action_flag, change_message, content_type_id, user_id) FROM stdin;
24	2020-10-26 15:14:17.333776+00	2	shopit	1	[{"added": {}}]	13	109
25	2020-10-26 15:26:04.2793+00	2	Electronics	1	[{"added": {}}]	46	109
26	2020-10-26 15:26:29.995211+00	2	Electronics	2	[{"changed": {"fields": ["Brand"]}}]	46	109
27	2020-10-26 15:26:48.271345+00	2	Electronics	3		46	109
28	2020-10-26 15:27:02.375756+00	1	electronics	2	[{"changed": {"fields": ["Brand"]}}]	46	109
29	2020-10-26 15:27:02.911734+00	1	electronics	2	[]	46	109
30	2020-10-26 15:38:01.719377+00	3	Electronics	1	[{"added": {}}]	46	109
31	2020-10-26 15:41:40.832178+00	1	test	3		53	109
32	2020-10-26 15:42:08.780736+00	3	Electronics	3		46	109
33	2020-10-26 15:42:08.78157+00	1	electronics	3		46	109
34	2020-10-26 15:43:27.912031+00	4	Electronics	1	[{"added": {}}]	46	109
35	2020-10-26 15:44:05.955007+00	2	Accesories&Supplies	1	[{"added": {}}]	53	109
36	2020-10-26 15:44:45.791929+00	5	Electronics	1	[{"added": {}}]	46	109
37	2020-10-26 15:44:54.743145+00	3	Camera & Photo	1	[{"added": {}}]	53	109
38	2020-10-26 15:46:17.448713+00	4	vehicle Electronics	1	[{"added": {}}]	53	109
39	2020-10-26 15:48:29.666238+00	5	Electronics	3		46	109
40	2020-10-26 15:49:30.996673+00	4	Electronics	2	[{"changed": {"fields": ["Tags"]}}]	46	109
41	2020-10-26 15:51:30.096996+00	6	Automative	1	[{"added": {}}]	46	109
42	2020-10-26 15:53:36.249521+00	3	brand hhhh	3		45	109
43	2020-10-26 15:53:36.250664+00	2	brand hp	3		45	109
44	2020-10-26 15:53:36.251325+00	1	brand apple	3		45	109
45	2020-10-26 15:55:19.303015+00	7	Men's Fashion	1	[{"added": {}}]	46	109
46	2020-10-26 15:56:09.638608+00	8	Luggage	1	[{"added": {}}]	46	109
47	2020-10-26 15:56:29.860296+00	9	Smart Home	1	[{"added": {}}]	46	109
48	2020-10-26 15:56:55.639611+00	10	Arts & Categories	1	[{"added": {}}]	46	109
49	2020-10-26 15:57:32.54351+00	10	Arts & Crafts	2	[{"changed": {"fields": ["Name"]}}]	46	109
50	2020-10-26 15:57:51.461163+00	11	Boy's Fashion	1	[{"added": {}}]	46	109
51	2020-10-26 15:58:17.177806+00	12	Girl's Fashion	1	[{"added": {}}]	46	109
52	2020-10-26 15:58:34.829433+00	13	Movies & Television	1	[{"added": {}}]	46	109
53	2020-10-26 15:58:43.573633+00	14	Software	1	[{"added": {}}]	46	109
54	2020-10-26 15:58:57.562254+00	15	Health & Household	1	[{"added": {}}]	46	109
55	2020-10-26 16:00:44.779429+00	16	Computers	1	[{"added": {}}]	46	109
56	2020-10-26 16:00:59.722548+00	17	Home & Kitchen	1	[{"added": {}}]	46	109
57	2020-10-26 16:01:32.726301+00	18	Toys & Games	1	[{"added": {}}]	46	109
58	2020-10-26 16:01:54.722604+00	19	Sports & Games	1	[{"added": {}}]	46	109
59	2020-10-26 16:02:07.140738+00	20	Baby	1	[{"added": {}}]	46	109
60	2020-10-26 16:02:20.427805+00	21	Women's Fashion	1	[{"added": {}}]	46	109
61	2020-10-26 16:02:36.486363+00	22	Video games	1	[{"added": {}}]	46	109
62	2020-10-26 16:03:12.647491+00	19	Sports & Outdoors	2	[{"changed": {"fields": ["Name"]}}]	46	109
63	2020-10-26 16:10:56.693439+00	23	beauty and personal care beauty and personal care beauty and personal care beauty and personal care	1	[{"added": {}}]	46	109
64	2020-10-26 17:14:24.585355+00	5e7d0411-18eb-4bce-a68e-d4bd5fe1e75a	carsonrobert@hayes.biz	1	[{"added": {}}]	28	109
65	2020-10-26 18:37:56.133166+00	330	aarush22@singh.com	3		24	109
66	2020-10-26 18:37:56.134513+00	337	aarushburman@bhatt.com	3		24	109
67	2020-10-26 18:37:56.135309+00	325	aavyaacharya@anthony.com	3		24	109
68	2020-10-26 18:37:56.136032+00	336	advait91@agarwal.com	3		24	109
69	2020-10-26 18:37:56.136741+00	365	advaitbanerjee@varma.com	3		24	109
70	2020-10-26 18:37:56.137403+00	347	advikaburman@yahoo.com	3		24	109
71	2020-10-26 18:37:56.138046+00	363	agarwaldiya@agarwal-reddy.com	3		24	109
72	2020-10-26 18:37:56.138707+00	359	amaira78@dara-burman.net	3		24	109
73	2020-10-26 18:37:56.139437+00	332	ananyaagarwal@babu.info	3		24	109
74	2020-10-26 18:37:56.140096+00	366	anthonyaavya@hotmail.com	3		24	109
75	2020-10-26 18:37:56.140793+00	350	arjun99@bedi-patil.com	3		24	109
76	2020-10-26 18:37:56.141438+00	357	babuananya@anthony.com	3		24	109
77	2020-10-26 18:37:56.142082+00	349	babuanvi@bedi.net	3		24	109
78	2020-10-26 18:37:56.142722+00	361	bakshizara@banerjee.net	3		24	109
79	2020-10-26 18:37:56.143425+00	352	bhattshaurya@gmail.com	3		24	109
80	2020-10-26 18:37:56.144118+00	328	cdara@yahoo.com	3		24	109
81	2020-10-26 18:37:56.144789+00	340	dagarwal@singh.com	3		24	109
82	2020-10-26 18:37:56.145623+00	360	daniel26@hotmail.com	3		24	109
83	2020-10-26 18:37:56.146284+00	353	danielbhatt@singh.com	3		24	109
84	2020-10-26 18:37:56.147039+00	345	diyaanthony@gmail.com	3		24	109
85	2020-10-26 18:37:56.147817+00	369	eacharya@bakshi-sharma.info	3		24	109
86	2020-10-26 18:37:56.148597+00	368	ebhatt@babu-banerjee.com	3		24	109
87	2020-10-26 18:37:56.149273+00	351	evabanerjee@burman-acharya.org	3		24	109
88	2020-10-26 18:37:56.150148+00	331	fathimaacharya@gmail.com	3		24	109
89	2020-10-26 18:37:56.150832+00	333	fbedi@gmail.com	3		24	109
90	2020-10-26 18:37:56.15148+00	329	fburman@varma.com	3		24	109
91	2020-10-26 18:37:56.152176+00	354	hbabu@singh.biz	3		24	109
92	2020-10-26 18:37:56.152823+00	367	iacharya@babu.com	3		24	109
93	2020-10-26 18:37:56.153508+00	344	kbalakrishnan@hotmail.com	3		24	109
94	2020-10-26 18:37:56.154156+00	335	kiaanvarma@yahoo.com	3		24	109
95	2020-10-26 18:37:56.154841+00	364	oreddy@agarwal-patil.com	3		24	109
96	2020-10-26 18:37:56.155511+00	358	psingh@yahoo.com	3		24	109
97	2020-10-26 18:37:56.156191+00	356	sharmakiaan@babu.com	3		24	109
98	2020-10-26 18:37:56.156856+00	348	shauryabanerjee@burman.com	3		24	109
99	2020-10-26 18:37:56.157512+00	342	singhatharv@hotmail.com	3		24	109
100	2020-10-26 18:37:56.158151+00	346	sri30@bedi.org	3		24	109
101	2020-10-26 18:37:56.15881+00	343	swara75@patil.info	3		24	109
102	2020-10-26 18:37:56.159551+00	324	tbhatt@gmail.com	3		24	109
103	2020-10-26 18:37:56.160253+00	338	varmaaadya@banerjee.com	3		24	109
104	2020-10-26 18:37:56.160904+00	334	varmaishaan@anthony.org	3		24	109
105	2020-10-26 18:37:56.161564+00	341	viaan35@balakrishnan.com	3		24	109
106	2020-10-26 18:37:56.162219+00	326	viaan47@yahoo.com	3		24	109
107	2020-10-26 18:37:56.162924+00	355	wburman@gmail.com	3		24	109
108	2020-10-26 18:37:56.163601+00	339	wdara@yahoo.com	3		24	109
109	2020-10-26 18:37:56.164309+00	362	zbanerjee@agarwal.net	3		24	109
110	2020-10-26 19:29:34.370679+00	494	patilanvi@hotmail.com	2	[{"changed": {"fields": ["Shipping address", "Billing address"]}}]	27	109
111	2020-10-26 20:38:01.638976+00	1	name:test brand:None stoke:1	2	[{"changed": {"fields": ["Seller"]}}]	56	109
112	2020-10-27 11:58:58.586175+00	4	brand apple	1	[{"added": {}}]	45	109
113	2020-10-27 11:59:45.039096+00	4	Electronics	2	[{"changed": {"fields": ["Brand"]}}]	46	109
114	2020-10-27 15:08:41.678478+00	2	Laptop filter 0 To 20,0000	1	[{"added": {}}]	52	109
115	2020-10-27 15:09:49.790893+00	3	laptop filter 20,000 to 50,000	1	[{"added": {}}]	52	109
116	2020-10-27 15:11:30.350298+00	4	Laptop filter 50,000 to 75,000	1	[{"added": {}}]	52	109
117	2020-10-27 15:13:09.739185+00	5	Laptop	1	[{"added": {}}]	53	109
118	2020-10-27 17:15:26.70073+00	88	admin@shopit.com	1	[{"added": {}}]	59	109
119	2020-10-27 17:15:33.852159+00	1	name:test brand:None stoke:1	2	[{"changed": {"fields": ["Seller"]}}]	56	109
120	2020-10-27 21:33:19.893729+00	11	rating: 3 : report: shopit.Report.None	2	[{"changed": {"fields": ["User"]}}]	55	109
153	2020-10-27 22:45:29.869341+00	5	brand SanDisk	1	[{"added": {}}]	45	109
154	2020-10-27 22:48:26.051459+00	2	name:SanDisk Cruzer Blade 32GB USB Flash Drive brand:brand SanDisk stoke:10	1	[{"added": {}}]	56	109
155	2020-10-27 22:54:56.429477+00	3	name SanDisk Cruzer Blade 32GB USB Flash Drive current price : Rs. 510.00	1	[{"added": {}}]	57	109
156	2020-10-27 22:56:45.289653+00	4	name SanDisk Cruzer Blade 32GB USB Flash Drive current price : Rs. 510.00	1	[{"added": {}}]	57	109
157	2020-10-28 00:13:05.797836+00	1	Red 	1	[{"added": {}}]	60	109
158	2020-10-28 00:13:12.976531+00	2	Yellow 	1	[{"added": {}}]	60	109
159	2020-10-28 00:13:26.432915+00	3	Green 	1	[{"added": {}}]	60	109
160	2020-10-28 00:13:28.717345+00	1	Color 	1	[{"added": {}}]	61	109
161	2020-10-28 00:18:17.228573+00	3	None	3		50	109
162	2020-10-28 00:18:17.848071+00	2	None	3		50	109
163	2020-10-28 00:18:18.459788+00	1	None	3		50	109
164	2020-10-28 10:31:07.506758+00	23	Beauty and Personal care 	2	[{"changed": {"fields": ["Name"]}}]	46	109
165	2020-10-28 10:53:55.882161+00	24	Tools & Home Improvement 	1	[{"added": {}}]	46	109
166	2020-10-28 10:54:24.087986+00	25	Pet Supplies 	1	[{"added": {}}]	46	109
167	2020-10-28 10:55:46.721845+00	26	Appstore for Android 	1	[{"added": {}}]	46	109
168	2020-10-28 10:56:34.21115+00	27	International Shopping 	1	[{"added": {}}]	46	109
169	2020-10-28 11:00:53.955334+00	6	Car Care 	1	[{"added": {}}]	53	109
170	2020-10-28 11:01:28.352065+00	7	Car Electronics & Accesories 	1	[{"added": {}}]	53	109
171	2020-10-28 11:01:55.367486+00	8	Exterior Accesories 	1	[{"added": {}}]	53	109
172	2020-10-28 11:02:23.204839+00	9	Interior Accesories 	1	[{"added": {}}]	53	109
173	2020-10-28 11:03:01.950709+00	10	Lights & Lightning Accesories 	1	[{"added": {}}]	53	109
174	2020-10-28 11:03:40.117814+00	11	Motorcycle & Powersports 	1	[{"added": {}}]	53	109
175	2020-10-28 11:03:55.954522+00	12	Oils & Fluids 	1	[{"added": {}}]	53	109
176	2020-10-28 11:04:13.443081+00	13	Paints & Paints Supplies 	1	[{"added": {}}]	53	109
177	2020-10-28 11:04:44.563855+00	14	Performance parts & accesories 	1	[{"added": {}}]	53	109
178	2020-10-28 11:05:06.000832+00	15	Replacement Parts 	1	[{"added": {}}]	53	109
179	2020-10-28 11:05:22.210359+00	16	RV Parts & Accesories 	1	[{"added": {}}]	53	109
180	2020-10-28 11:05:39.116256+00	17	Tires & Wheels 	1	[{"added": {}}]	53	109
181	2020-10-28 11:06:02.893585+00	18	Tools & Equipment 	1	[{"added": {}}]	53	109
182	2020-10-28 11:06:34.985747+00	19	Automative Enthusiast merchandise 	1	[{"added": {}}]	53	109
183	2020-10-28 11:07:08.403515+00	20	Heavy duty & Commercial Vehicle Equipment 	1	[{"added": {}}]	53	109
184	2020-10-28 11:08:33.748439+00	21	Clothing 	1	[{"added": {}}]	53	109
185	2020-10-28 11:09:27.220577+00	22	Shoes 	1	[{"added": {}}]	53	109
186	2020-10-28 11:09:54.942746+00	23	Jewelry 	1	[{"added": {}}]	53	109
187	2020-10-28 11:10:15.037258+00	24	Watches 	1	[{"added": {}}]	53	109
188	2020-10-28 11:10:45.390581+00	25	Accessories 	1	[{"added": {}}]	53	109
189	2020-10-28 11:12:26.8046+00	26	School uniforms 	1	[{"added": {}}]	53	109
190	2020-10-28 11:13:32.342692+00	27	Handbags 	1	[{"added": {}}]	53	109
191	2020-10-28 11:13:53.53174+00	28	Sports & Outdoors 	1	[{"added": {}}]	53	109
192	2020-10-28 11:14:16.091893+00	29	Outdoor recreation 	1	[{"added": {}}]	53	109
193	2020-10-28 11:14:32.087837+00	30	Sports and Fitness 	1	[{"added": {}}]	53	109
194	2020-10-28 11:14:32.141863+00	31	Sports and Fitness 	1	[{"added": {}}]	53	109
195	2020-10-28 11:14:45.829432+00	32	fan Shop 	1	[{"added": {}}]	53	109
196	2020-10-28 11:15:11.848182+00	33	Activity and Entertainment 	1	[{"added": {}}]	53	109
197	2020-10-28 11:15:46.285855+00	34	Apparel & Accessories 	1	[{"added": {}}]	53	109
198	2020-10-28 11:16:04.53476+00	35	Baby & Toddler Toys 	1	[{"added": {}}]	53	109
199	2020-10-28 11:16:14.577743+00	36	Baby Care 	1	[{"added": {}}]	53	109
200	2020-10-28 11:16:27.886337+00	37	Baby Stationary 	1	[{"added": {}}]	53	109
201	2020-10-28 11:17:01.542832+00	38	Car Seats & Accessories 	1	[{"added": {}}]	53	109
202	2020-10-28 11:17:15.355684+00	39	Diapering 	1	[{"added": {}}]	53	109
203	2020-10-28 11:17:26.439481+00	40	Feeding 	1	[{"added": {}}]	53	109
204	2020-10-28 11:17:44.744005+00	41	Gifts 	1	[{"added": {}}]	53	109
205	2020-10-28 11:17:54.192739+00	42	Nursery 	1	[{"added": {}}]	53	109
206	2020-10-28 11:18:08.106699+00	43	Potty Training 	1	[{"added": {}}]	53	109
207	2020-10-28 11:18:23.908792+00	44	Pregnancy & Maternity 	1	[{"added": {}}]	53	109
208	2020-10-28 11:18:43.200552+00	45	Safety 	1	[{"added": {}}]	53	109
209	2020-10-28 11:19:00.841418+00	46	Strollers & accessories 	1	[{"added": {}}]	53	109
210	2020-10-28 11:19:13.98148+00	47	Travel Gear 	1	[{"added": {}}]	53	109
211	2020-10-28 11:19:40.518184+00	48	Dogs 	1	[{"added": {}}]	53	109
212	2020-10-28 11:19:58.097166+00	49	Cats 	1	[{"added": {}}]	53	109
213	2020-10-28 11:20:18.449342+00	50	Fish & Aquatic Pets 	1	[{"added": {}}]	53	109
214	2020-10-28 11:20:27.405669+00	51	Birds 	1	[{"added": {}}]	53	109
215	2020-10-28 11:21:14.328954+00	52	Horses 	1	[{"added": {}}]	53	109
216	2020-10-28 11:21:32.930008+00	53	Reptiles & Amphibians 	1	[{"added": {}}]	53	109
217	2020-10-28 11:21:45.310133+00	54	Small Animals 	1	[{"added": {}}]	53	109
218	2020-10-28 11:22:40.698054+00	27	International Shopping 	3		46	109
219	2020-10-28 11:23:06.236836+00	55	Lightning 	1	[{"added": {}}]	53	109
220	2020-10-28 11:23:43.089622+00	55	Lightning 	3		53	109
221	2020-10-28 11:24:06.65799+00	10	Lights & Lighting Accesories 	2	[{"changed": {"fields": ["Name"]}}]	53	109
222	2020-10-28 11:24:27.879301+00	56	Door locks 	1	[{"added": {}}]	53	109
223	2020-10-28 11:24:43.189573+00	57	Cameras 	1	[{"added": {}}]	53	109
224	2020-10-28 11:24:54.291345+00	58	Plugs 	1	[{"added": {}}]	53	109
225	2020-10-28 11:25:35.720456+00	59	Other Smart Solutions 	1	[{"added": {}}]	53	109
226	2020-10-28 11:25:47.797083+00	5	Laptop filter above 75,000 	1	[{"added": {}}]	52	109
227	2020-10-28 11:25:51.425221+00	60	Thermostats 	1	[{"added": {}}]	53	109
228	2020-10-28 11:26:04.963718+00	61	Security Systems 	1	[{"added": {}}]	53	109
229	2020-10-28 11:26:17.075618+00	62	television 	1	[{"added": {}}]	53	109
230	2020-10-28 11:26:18.914755+00	5	Laptop 	2	[{"changed": {"fields": ["Price filter category"]}}]	53	109
231	2020-10-28 11:26:27.707813+00	63	Speakers 	1	[{"added": {}}]	53	109
232	2020-10-28 11:26:45.070827+00	64	Voice Assistants 	1	[{"added": {}}]	53	109
233	2020-10-28 11:26:54.04613+00	65	Kitchen 	1	[{"added": {}}]	53	109
234	2020-10-28 11:27:02.250642+00	66	Vaccums 	1	[{"added": {}}]	53	109
235	2020-10-28 11:27:16.821472+00	67	Printers & Pc 	1	[{"added": {}}]	53	109
236	2020-10-28 11:27:41.52699+00	68	All Apps & Games 	1	[{"added": {}}]	53	109
237	2020-10-28 11:27:53.571947+00	69	Games 	1	[{"added": {}}]	53	109
238	2020-10-28 11:28:15.209127+00	70	Your Apps & Subscriptions 	1	[{"added": {}}]	53	109
239	2020-10-28 11:28:33.170485+00	71	Carry-ons 	1	[{"added": {}}]	53	109
240	2020-10-28 11:28:44.959233+00	72	Backpacks 	1	[{"added": {}}]	53	109
241	2020-10-28 11:29:11.669042+00	73	Garment Bags 	1	[{"added": {}}]	53	109
242	2020-10-28 11:29:11.874237+00	74	Garment Bags 	1	[{"added": {}}]	53	109
243	2020-10-28 11:29:26.774489+00	75	Travel totes 	1	[{"added": {}}]	53	109
244	2020-10-28 11:29:39.845555+00	76	Luggage Sets 	1	[{"added": {}}]	53	109
245	2020-10-28 11:29:50.131237+00	77	Laptop Bags 	1	[{"added": {}}]	53	109
246	2020-10-28 11:30:07.962509+00	78	Suitcases 	1	[{"added": {}}]	53	109
247	2020-10-28 11:30:08.186355+00	79	Suitcases 	1	[{"added": {}}]	53	109
248	2020-10-28 11:30:39.215766+00	80	Kids Luggage 	1	[{"added": {}}]	53	109
249	2020-10-28 11:30:55.163436+00	81	Messenger Bags 	1	[{"added": {}}]	53	109
250	2020-10-28 11:31:06.294262+00	82	Umbrellas 	1	[{"added": {}}]	53	109
251	2020-10-28 11:31:15.084511+00	83	Duffles 	1	[{"added": {}}]	53	109
252	2020-10-28 11:31:27.578247+00	84	Travel Accessories 	1	[{"added": {}}]	53	109
253	2020-10-28 11:31:37.929596+00	85	Movies 	1	[{"added": {}}]	53	109
254	2020-10-28 11:31:47.900628+00	86	TV Shows 	1	[{"added": {}}]	53	109
255	2020-10-28 11:31:59.692132+00	87	Blue-ray 	1	[{"added": {}}]	53	109
256	2020-10-28 11:32:11.733+00	88	4K Ultra HD 	1	[{"added": {}}]	53	109
257	2020-10-28 11:32:31.163934+00	89	Best Sellers 	1	[{"added": {}}]	53	109
258	2020-10-28 11:32:42.009302+00	90	Today's Deals 	1	[{"added": {}}]	53	109
259	2020-10-28 11:32:57.094193+00	91	New Releases 	1	[{"added": {}}]	53	109
260	2020-10-28 11:33:08.582274+00	92	Pre-orders 	1	[{"added": {}}]	53	109
261	2020-10-28 11:33:13.499065+00	4	1 T.B. 	1	[{"added": {}}]	60	109
262	2020-10-28 11:33:21.011412+00	93	Kids & family 	1	[{"added": {}}]	53	109
263	2020-10-28 11:33:29.796346+00	5	128 G.B 	1	[{"added": {}}]	60	109
264	2020-10-28 11:33:45.036291+00	94	Accounting & Finance 	1	[{"added": {}}]	53	109
265	2020-10-28 11:33:48.431766+00	6	512 G.B. 	1	[{"added": {}}]	60	109
266	2020-10-28 11:34:07.511258+00	95	Antivirus & Security 	1	[{"added": {}}]	53	109
267	2020-10-28 11:34:19.581745+00	7	256 G.B 	1	[{"added": {}}]	60	109
268	2020-10-28 11:34:27.781968+00	96	Business & Office 	1	[{"added": {}}]	53	109
269	2020-10-28 11:34:41.724547+00	97	Children's 	1	[{"added": {}}]	53	109
270	2020-10-28 11:35:17.084858+00	98	Design & Illustrations 	1	[{"added": {}}]	53	109
271	2020-10-28 11:35:43.033978+00	99	digital Software 	1	[{"added": {}}]	53	109
272	2020-10-28 11:36:14.334571+00	100	Education & Reference 	1	[{"added": {}}]	53	109
273	2020-10-28 11:36:27.772575+00	101	Games 	1	[{"added": {}}]	53	109
274	2020-10-28 11:36:35.124255+00	102	Music 	1	[{"added": {}}]	53	109
275	2020-10-28 11:36:47.930319+00	103	Lifestyle & Hobbies 	1	[{"added": {}}]	53	109
276	2020-10-28 11:37:04.754911+00	104	Networks & Servers 	1	[{"added": {}}]	53	109
277	2020-10-28 11:37:17.742647+00	105	Operating Systems 	1	[{"added": {}}]	53	109
278	2020-10-28 11:37:25.917849+00	8	2 T.B 	1	[{"added": {}}]	60	109
279	2020-10-28 11:37:31.374046+00	106	Photography 	1	[{"added": {}}]	53	109
280	2020-10-28 11:37:31.451826+00	2	Laptop Storage 	1	[{"added": {}}]	61	109
281	2020-10-28 11:37:58.855027+00	107	Programming & Web Development 	1	[{"added": {}}]	53	109
282	2020-10-28 11:38:13.012569+00	108	Tax Preparation 	1	[{"added": {}}]	53	109
283	2020-10-28 11:38:25.355712+00	109	Utilities 	1	[{"added": {}}]	53	109
284	2020-10-28 11:38:33.790572+00	110	Videos 	1	[{"added": {}}]	53	109
285	2020-10-28 11:38:54.285537+00	111	Tools & Home Improvement 	1	[{"added": {}}]	53	109
286	2020-10-28 11:39:07.081566+00	112	Appliances 	1	[{"added": {}}]	53	109
287	2020-10-28 11:39:18.686337+00	113	Building Supplies 	1	[{"added": {}}]	53	109
288	2020-10-28 11:39:29.14626+00	114	Electrical 	1	[{"added": {}}]	53	109
289	2020-10-28 11:39:39.097994+00	1	Laptop 	2	[{"changed": {"fields": ["Name"]}}]	49	109
290	2020-10-28 11:39:43.465419+00	115	Hardware 	1	[{"added": {}}]	53	109
291	2020-10-28 11:40:02.085032+00	116	Kitchen & Bath Fixtures 	1	[{"added": {}}]	53	109
292	2020-10-28 11:40:04.031937+00	1	storage 	2	[{"changed": {"fields": ["Select values"]}}]	58	109
293	2020-10-28 11:40:11.983628+00	117	Light Bulbs 	1	[{"added": {}}]	53	109
294	2020-10-28 11:40:30.238848+00	118	Lighting & Ceiling Fans 	1	[{"added": {}}]	53	109
295	2020-10-28 11:40:55.214552+00	119	Measuring & Layout Tools 	1	[{"added": {}}]	53	109
296	2020-10-28 11:41:30.357911+00	120	Painting Supplies & Wall Treatments 	1	[{"added": {}}]	53	109
297	2020-10-28 11:41:44.859754+00	121	Power & Hand Tools 	1	[{"added": {}}]	53	109
298	2020-10-28 11:41:59.095652+00	122	Rough Plumbing 	1	[{"added": {}}]	53	109
299	2020-10-28 11:42:15.610833+00	123	Safety & Security 	1	[{"added": {}}]	53	109
300	2020-10-28 11:42:35.086074+00	124	Storage & Home Organisations 	1	[{"added": {}}]	53	109
301	2020-10-28 11:42:56.35898+00	125	Welding & Soldering 	1	[{"added": {}}]	53	109
302	2020-10-28 11:43:19.516267+00	126	Action Figures & Statues 	1	[{"added": {}}]	53	109
303	2020-10-28 11:43:30.156469+00	127	Arts & Crafts 	1	[{"added": {}}]	53	109
304	2020-10-28 11:43:40.524263+00	128	Baby & Toddler Toys 	1	[{"added": {}}]	53	109
305	2020-10-28 11:43:52.673811+00	129	Building Toys 	1	[{"added": {}}]	53	109
306	2020-10-28 11:44:12.152958+00	130	Dolls & Accessories 	1	[{"added": {}}]	53	109
307	2020-10-28 11:44:46.340595+00	131	Dress Up & Pretend Play 	1	[{"added": {}}]	53	109
308	2020-10-28 11:44:47.254834+00	132	Dress Up & Pretend Play 	1	[{"added": {}}]	53	109
309	2020-10-28 11:45:10.597248+00	133	Kids' Electronics 	1	[{"added": {}}]	53	109
310	2020-10-28 11:45:20.796379+00	134	Games 	1	[{"added": {}}]	53	109
311	2020-10-28 11:45:36.19718+00	135	Grown-Up Toys 	1	[{"added": {}}]	53	109
312	2020-10-28 11:45:46.30465+00	136	Hobbies 	1	[{"added": {}}]	53	109
313	2020-10-28 11:48:06.720381+00	137	Kids' Furniture, Dcor & storage 	1	[{"added": {}}]	53	109
314	2020-10-28 11:48:23.033802+00	138	Learning & Education 	1	[{"added": {}}]	53	109
315	2020-10-28 11:48:51.680197+00	139	Novelty & Gag Toys 	1	[{"added": {}}]	53	109
316	2020-10-28 11:49:02.682768+00	140	Party Supplies 	1	[{"added": {}}]	53	109
317	2020-10-28 11:49:16.26563+00	141	Puppets 	1	[{"added": {}}]	53	109
318	2020-10-28 11:49:25.694831+00	142	Puzzles 	1	[{"added": {}}]	53	109
319	2020-10-28 11:49:40.861486+00	143	Sports & Outdoor play 	1	[{"added": {}}]	53	109
320	2020-10-28 11:50:11.112593+00	144	Stuffed Animals & Plush Toys 	1	[{"added": {}}]	53	109
321	2020-10-28 11:50:51.676578+00	145	Toy Remote Control & Play vehicles 	1	[{"added": {}}]	53	109
322	2020-10-28 11:51:23.509362+00	146	Tricycles ,Scooters & Wagons 	1	[{"added": {}}]	53	109
323	2020-10-28 11:51:40.296576+00	147	Video games 	1	[{"added": {}}]	53	109
324	2020-10-28 11:51:58.187111+00	148	Video games 	1	[{"added": {}}]	53	109
325	2020-10-28 11:52:30.366256+00	149	PlayStation 4 	1	[{"added": {}}]	53	109
326	2020-10-28 11:52:44.344695+00	150	PlayStation 3 	1	[{"added": {}}]	53	109
327	2020-10-28 11:52:57.994803+00	151	Xbox One 	1	[{"added": {}}]	53	109
328	2020-10-28 11:53:10.450557+00	152	Xbox 360 	1	[{"added": {}}]	53	109
329	2020-10-28 11:53:26.868851+00	153	Nintendo Switch 	1	[{"added": {}}]	53	109
330	2020-10-28 11:53:37.920083+00	154	Wii U 	1	[{"added": {}}]	53	109
331	2020-10-28 11:53:47.24638+00	155	Wii 	1	[{"added": {}}]	53	109
332	2020-10-28 11:53:56.033755+00	156	PC 	1	[{"added": {}}]	53	109
333	2020-10-28 11:54:20.977434+00	157	Mac 	1	[{"added": {}}]	53	109
334	2020-10-28 11:54:52.958139+00	158	Nintendo 3DS & 2DS 	1	[{"added": {}}]	53	109
335	2020-10-28 11:55:10.799618+00	159	Nintendo DS 	1	[{"added": {}}]	53	109
336	2020-10-28 11:55:22.551655+00	160	PlayStation Vita 	1	[{"added": {}}]	53	109
337	2020-10-28 11:55:38.514484+00	161	Sony PSP 	1	[{"added": {}}]	53	109
338	2020-10-28 11:55:50.539646+00	162	Retro Gaming 	1	[{"added": {}}]	53	109
339	2020-10-28 11:56:04.049238+00	163	Accessories 	1	[{"added": {}}]	53	109
340	2020-10-28 11:56:17.978246+00	164	Digital Games 	1	[{"added": {}}]	53	109
341	2020-10-28 11:56:40.551191+00	165	Kids & Family 	1	[{"added": {}}]	53	109
342	2020-10-28 11:57:20.709928+00	93	Kids & Family 	2	[{"changed": {"fields": ["Name"]}}]	53	109
343	2020-10-28 11:58:14.537868+00	165	Kids & Family 	2	[]	53	109
344	2020-10-28 11:58:35.151245+00	162	Retro Gaming & Microconsoles 	2	[{"changed": {"fields": ["Name"]}}]	53	109
345	2020-10-28 11:59:10.425795+00	166	Baby & Child Care 	1	[{"added": {}}]	53	109
346	2020-10-28 11:59:28.681973+00	167	Health Care 	1	[{"added": {}}]	53	109
347	2020-10-28 11:59:47.424934+00	168	Household Supplies 	1	[{"added": {}}]	53	109
348	2020-10-28 12:00:12.601153+00	169	Medical Supplies & Equipment 	1	[{"added": {}}]	53	109
349	2020-10-28 12:00:26.912487+00	170	Medical Supplies & Equipment 	1	[{"added": {}}]	53	109
350	2020-10-28 12:00:39.860098+00	171	Oral Care 	1	[{"added": {}}]	53	109
351	2020-10-28 12:00:52.562748+00	172	Personal Care 	1	[{"added": {}}]	53	109
352	2020-10-28 12:01:12.097505+00	173	Sexual Wellness 	1	[{"added": {}}]	53	109
353	2020-10-28 12:01:27.465685+00	174	Sports Nutrition 	1	[{"added": {}}]	53	109
354	2020-10-28 12:01:53.986341+00	175	Stationary & Gift Wrapping 	1	[{"added": {}}]	53	109
355	2020-10-28 12:02:15.543265+00	176	Vision Care 	1	[{"added": {}}]	53	109
356	2020-10-28 12:02:44.493141+00	177	Vitamins & Dietary Supplements 	1	[{"added": {}}]	53	109
357	2020-10-28 12:03:21.227667+00	178	Wellness & Relaxation 	1	[{"added": {}}]	53	109
358	2020-10-28 12:04:01.897757+00	179	Makeup 	1	[{"added": {}}]	53	109
359	2020-10-28 12:04:02.647852+00	180	Makeup 	1	[{"added": {}}]	53	109
360	2020-10-28 12:13:22.465908+00	181	Skin Care 	1	[{"added": {}}]	53	109
361	2020-10-28 12:13:31.655529+00	182	Hair Care 	1	[{"added": {}}]	53	109
362	2020-10-28 12:13:44.057081+00	183	Fragrance 	1	[{"added": {}}]	53	109
363	2020-10-28 12:14:03.535112+00	184	Foot, Hand & Nail Care 	1	[{"added": {}}]	53	109
364	2020-10-28 12:14:20.168943+00	185	Tools & Accessories 	1	[{"added": {}}]	53	109
365	2020-10-28 12:14:46.840902+00	186	Shave & Hair Removal 	1	[{"added": {}}]	53	109
366	2020-10-28 12:15:00.537735+00	187	Personal Care 	1	[{"added": {}}]	53	109
367	2020-10-28 12:15:09.994068+00	188	Oral Care 	1	[{"added": {}}]	53	109
368	2020-10-28 12:15:44.438759+00	189	Computer Accessories & Peripherals 	1	[{"added": {}}]	53	109
369	2020-10-28 12:16:01.059723+00	190	Computer Components 	1	[{"added": {}}]	53	109
370	2020-10-28 12:16:20.858545+00	191	Computers & Tablets 	1	[{"added": {}}]	53	109
371	2020-10-28 12:17:01.802437+00	192	Data Storage 	1	[{"added": {}}]	53	109
372	2020-10-28 12:17:17.578069+00	193	External Components 	1	[{"added": {}}]	53	109
373	2020-10-28 12:18:00.537387+00	194	Laptop Accessories 	1	[{"added": {}}]	53	109
374	2020-10-28 12:18:17.48561+00	195	Monitors 	1	[{"added": {}}]	53	109
375	2020-10-28 12:18:39.375524+00	196	Networking Products 	1	[{"added": {}}]	53	109
376	2020-10-28 12:19:14.297809+00	197	Power Strips & Surge Protectors 	1	[{"added": {}}]	53	109
377	2020-10-28 12:19:29.824943+00	198	Printers 	1	[{"added": {}}]	53	109
378	2020-10-28 12:19:37.450178+00	199	Scanners 	1	[{"added": {}}]	53	109
379	2020-10-28 12:19:49.768126+00	200	Servers 	1	[{"added": {}}]	53	109
380	2020-10-28 12:20:01.876132+00	201	Tablet Accessories 	1	[{"added": {}}]	53	109
381	2020-10-28 12:20:18.489797+00	202	Tablet Replacement Parts 	1	[{"added": {}}]	53	109
382	2020-10-28 12:20:42.673512+00	203	Warranties & Services 	1	[{"added": {}}]	53	109
383	2020-10-28 12:21:18.034623+00	204	Network & Wifi 	1	[{"added": {}}]	53	109
384	2020-10-28 12:21:36.480216+00	205	New to Smart Home 	1	[{"added": {}}]	53	109
385	2020-10-28 12:22:17.875208+00	206	Kids' Home Store 	1	[{"added": {}}]	53	109
386	2020-10-28 12:22:57.773362+00	207	Kitchen & Dining 	1	[{"added": {}}]	53	109
387	2020-10-28 12:23:11.569302+00	208	Bedding 	1	[{"added": {}}]	53	109
388	2020-10-28 12:23:22.24245+00	209	Bath 	1	[{"added": {}}]	53	109
389	2020-10-28 12:23:32.240877+00	210	Furniture 	1	[{"added": {}}]	53	109
390	2020-10-28 12:24:01.174551+00	211	Home Dcor 	1	[{"added": {}}]	53	109
391	2020-10-28 12:24:19.014912+00	212	Wall Art 	1	[{"added": {}}]	53	109
392	2020-10-28 12:24:30.165039+00	213	Lighting & Ceiling Fans 	1	[{"added": {}}]	53	109
393	2020-10-28 12:24:55.919268+00	214	Seasonal Dcor 	1	[{"added": {}}]	53	109
394	2020-10-28 12:25:10.845612+00	215	Event & party Supplies 	1	[{"added": {}}]	53	109
395	2020-10-28 12:25:44.322497+00	216	Heating, Cooling and Air Quality 	1	[{"added": {}}]	53	109
396	2020-10-28 12:26:04.768475+00	217	Irons & Steamers 	1	[{"added": {}}]	53	109
397	2020-10-28 12:26:31.670979+00	218	Vacuums & Floor Care 	1	[{"added": {}}]	53	109
398	2020-10-28 12:26:49.137645+00	219	Storage & Organization 	1	[{"added": {}}]	53	109
399	2020-10-28 12:27:00.521646+00	220	Cleaning Supplies 	1	[{"added": {}}]	53	109
400	2020-10-28 12:29:28.043768+00	28	Industrial & Scientific 	1	[{"added": {}}]	46	109
401	2020-10-28 12:30:14.017505+00	221	Abrasive & Finishing Products 	1	[{"added": {}}]	53	109
402	2020-10-28 12:30:49.091262+00	222	Addictive Manufacturing Products 	1	[{"added": {}}]	53	109
403	2020-10-28 12:31:09.104681+00	223	Commercial Door Products 	1	[{"added": {}}]	53	109
404	2020-10-28 12:31:21.251707+00	224	Cutting Tools 	1	[{"added": {}}]	53	109
405	2020-10-28 12:31:29.399933+00	225	Fasteners 	1	[{"added": {}}]	53	109
406	2020-10-28 12:31:40.398656+00	226	Filtration 	1	[{"added": {}}]	53	109
407	2020-10-28 12:32:18.440698+00	227	Food Service equipment & Supplies 	1	[{"added": {}}]	53	109
408	2020-10-28 12:32:52.988562+00	228	Hydraulics, Pneumatics & Plumbing 	1	[{"added": {}}]	53	109
409	2020-10-28 12:33:06.94964+00	229	Industrial Electrical 	1	[{"added": {}}]	53	109
410	2020-10-28 12:33:21.922236+00	230	Industrial Hardware 	1	[{"added": {}}]	53	109
411	2020-10-28 12:33:44.131967+00	231	Industrial Power & Hand Tools 	1	[{"added": {}}]	53	109
412	2020-10-28 12:34:11.148934+00	232	Janitorial & Sanitation Supplies 	1	[{"added": {}}]	53	109
413	2020-10-28 12:34:40.583119+00	233	Lab & Scientific Products 	1	[{"added": {}}]	53	109
414	2020-10-28 12:34:57.869624+00	234	Material Handling Products 	1	[{"added": {}}]	53	109
415	2020-10-28 12:34:58.07386+00	235	Material Handling Products 	1	[{"added": {}}]	53	109
416	2020-10-28 12:35:25.774028+00	236	Occupational Health & Safety Products 	1	[{"added": {}}]	53	109
417	2020-10-28 12:36:00.596602+00	237	Packaging & Shipping Supplies 	1	[{"added": {}}]	53	109
418	2020-10-28 12:36:21.379327+00	238	Power Transmission Products 	1	[{"added": {}}]	53	109
419	2020-10-28 12:36:42.158342+00	239	Professional Dental Supplies 	1	[{"added": {}}]	53	109
420	2020-10-28 12:36:42.328396+00	240	Professional Dental Supplies 	1	[{"added": {}}]	53	109
421	2020-10-28 12:37:01.898717+00	241	Professional Medical Supplies 	1	[{"added": {}}]	53	109
422	2020-10-28 12:37:21.237762+00	242	Raw Materials 	1	[{"added": {}}]	53	109
423	2020-10-28 12:37:49.728271+00	243	Retail Store Fixtures & Equipment 	1	[{"added": {}}]	53	109
424	2020-10-28 12:38:01.791736+00	244	Robotics 	1	[{"added": {}}]	53	109
425	2020-10-28 12:38:14.483539+00	245	Science Education 	1	[{"added": {}}]	53	109
426	2020-10-28 12:38:36.489319+00	246	tapes, Adhesives & sealants 	1	[{"added": {}}]	53	109
427	2020-10-28 12:38:59.913905+00	247	Test, Measure & Inspect 	1	[{"added": {}}]	53	109
428	2020-10-28 12:39:57.595471+00	248	Accessories & Supplies 	1	[{"added": {}}]	53	109
429	2020-10-28 12:40:14.721423+00	249	Camera & Photo 	1	[{"added": {}}]	53	109
430	2020-10-28 12:40:39.109904+00	250	Car & Vehicle Electronics 	1	[{"added": {}}]	53	109
431	2020-10-28 12:40:56.951562+00	251	Cell Phones & Accessories 	1	[{"added": {}}]	53	109
432	2020-10-28 12:41:12.744493+00	252	Computers & Accessories 	1	[{"added": {}}]	53	109
433	2020-10-28 12:41:26.598955+00	253	GPS & Navigation 	1	[{"added": {}}]	53	109
434	2020-10-28 12:41:37.947068+00	254	Headphones 	1	[{"added": {}}]	53	109
435	2020-10-28 12:41:53.131572+00	255	Home Audio 	1	[{"added": {}}]	53	109
436	2020-10-28 12:42:08.426754+00	256	Office Electronics 	1	[{"added": {}}]	53	109
437	2020-10-28 12:42:26.302944+00	257	Portable Audio & Video 	1	[{"added": {}}]	53	109
438	2020-10-28 12:43:10.786046+00	258	Security & Surveillance 	1	[{"added": {}}]	53	109
439	2020-10-28 12:43:25.354097+00	259	Service Plans 	1	[{"added": {}}]	53	109
440	2020-10-28 12:43:44.005426+00	260	television & Video 	1	[{"added": {}}]	53	109
441	2020-10-28 12:44:16.726002+00	261	Video Game Consoles & Accessories 	1	[{"added": {}}]	53	109
442	2020-10-28 12:44:36.227707+00	262	Video Projectors 	1	[{"added": {}}]	53	109
443	2020-10-28 12:44:52.331383+00	263	Wearable Technology 	1	[{"added": {}}]	53	109
444	2020-10-28 12:45:20.845287+00	264	eBook Readers & Accessories 	1	[{"added": {}}]	53	109
445	2020-10-28 12:46:03.826492+00	265	Painting, Drawing & Art Supplies 	1	[{"added": {}}]	53	109
446	2020-10-28 12:46:45.718181+00	266	Beading & Jewelry Making 	1	[{"added": {}}]	53	109
447	2020-10-28 12:46:59.372298+00	267	Crafting 	1	[{"added": {}}]	53	109
448	2020-10-28 12:47:13.900709+00	268	Fabric 	1	[{"added": {}}]	53	109
449	2020-10-28 12:47:31.872436+00	269	Fabric Decorating 	1	[{"added": {}}]	53	109
450	2020-10-28 12:47:53.681152+00	270	Knitting & Crochet 	1	[{"added": {}}]	53	109
451	2020-10-28 12:48:08.170831+00	271	Needlework 	1	[{"added": {}}]	53	109
452	2020-10-28 12:48:42.253296+00	272	Organization, Storage & Transport 	1	[{"added": {}}]	53	109
453	2020-10-28 12:48:55.401073+00	273	Printmaking 	1	[{"added": {}}]	53	109
454	2020-10-28 12:49:19.466457+00	274	Scrapbooking & Stamping 	1	[{"added": {}}]	53	109
455	2020-10-28 12:49:44.87353+00	275	Sewing 	1	[{"added": {}}]	53	109
456	2020-10-28 12:50:08.817217+00	276	Party Decoration & Supplies 	1	[{"added": {}}]	53	109
457	2020-10-28 12:50:29.250984+00	277	Gift Wrapping Supplies 	1	[{"added": {}}]	53	109
458	2020-10-28 18:54:39.198428+00	6	brand OnePlus	1	[{"added": {}}]	45	109
459	2020-10-28 19:17:44.909722+00	1	self.created_by.email	1	[{"added": {}}]	48	109
460	2020-10-28 19:19:51.023151+00	6	name:OnePlus Nord 5G (Gray Onyx, 8GB RAM, 128GB Storage) brand:brand OnePlus stoke:0	1	[{"added": {}}]	56	109
461	2020-10-28 19:46:45.517606+00	1	self.created_by.email	1	[{"added": {}}]	44	109
462	2020-10-28 19:47:00.770138+00	1	self.created_by.email	2	[{"changed": {"fields": ["Question", "Answer"]}}]	48	109
463	2020-10-28 19:47:25.296215+00	1	self.created_by.email	2	[{"changed": {"fields": ["Created by"]}}]	44	109
464	2020-10-28 20:05:54.241503+00	5	name OnePlus Nord 5G (Gray Onyx, 8GB RAM, 128GB Storage) current price : Rs. 27,999.00	1	[{"added": {}}]	57	109
465	2020-10-28 20:14:08.113206+00	6	name test current price : Rs. 22,499.00	1	[{"added": {}}]	57	109
466	2020-10-28 20:36:23.386776+00	7	name test current price : Rs. 34,990.00	1	[{"added": {}}]	57	109
\.


--
-- Data for Name: django_celery_beat_clockedschedule; Type: TABLE DATA; Schema: public; Owner: shopit
--

COPY public.django_celery_beat_clockedschedule (id, clocked_time, enabled) FROM stdin;
\.


--
-- Data for Name: django_celery_beat_crontabschedule; Type: TABLE DATA; Schema: public; Owner: shopit
--

COPY public.django_celery_beat_crontabschedule (id, minute, hour, day_of_week, day_of_month, month_of_year, timezone) FROM stdin;
\.


--
-- Data for Name: django_celery_beat_intervalschedule; Type: TABLE DATA; Schema: public; Owner: shopit
--

COPY public.django_celery_beat_intervalschedule (id, every, period) FROM stdin;
\.


--
-- Data for Name: django_celery_beat_solarschedule; Type: TABLE DATA; Schema: public; Owner: shopit
--

COPY public.django_celery_beat_solarschedule (id, event, latitude, longitude) FROM stdin;
\.


--
-- Data for Name: django_celery_beat_periodictask; Type: TABLE DATA; Schema: public; Owner: shopit
--

COPY public.django_celery_beat_periodictask (id, name, task, args, kwargs, queue, exchange, routing_key, expires, enabled, last_run_at, total_run_count, date_changed, description, crontab_id, interval_id, solar_id, one_off, start_time, priority, headers, clocked_id, expire_seconds) FROM stdin;
\.


--
-- Data for Name: django_celery_beat_periodictasks; Type: TABLE DATA; Schema: public; Owner: shopit
--

COPY public.django_celery_beat_periodictasks (ident, last_update) FROM stdin;
\.


--
-- Data for Name: django_migrations; Type: TABLE DATA; Schema: public; Owner: shopit
--

COPY public.django_migrations (id, app, name, applied) FROM stdin;
1	contenttypes	0001_initial	2020-10-24 15:30:23.413999+00
2	contenttypes	0002_remove_content_type_name	2020-10-24 15:30:23.428882+00
3	auth	0001_initial	2020-10-24 15:30:23.495336+00
4	auth	0002_alter_permission_name_max_length	2020-10-24 15:30:23.510492+00
5	auth	0003_alter_user_email_max_length	2020-10-24 15:30:23.516491+00
6	auth	0004_alter_user_username_opts	2020-10-24 15:30:23.522086+00
7	auth	0005_alter_user_last_login_null	2020-10-24 15:30:23.529267+00
8	auth	0006_require_contenttypes_0002	2020-10-24 15:30:23.532941+00
9	auth	0007_alter_validators_add_error_messages	2020-10-24 15:30:23.544697+00
10	auth	0008_alter_user_username_max_length	2020-10-24 15:30:23.554767+00
11	auth	0009_alter_user_last_name_max_length	2020-10-24 15:30:23.563238+00
12	auth	0010_alter_group_name_max_length	2020-10-24 15:30:23.572312+00
13	auth	0011_update_proxy_permissions	2020-10-24 15:30:23.583333+00
14	auth	0012_alter_user_first_name_max_length	2020-10-24 15:30:23.595721+00
15	users	0001_create_user_model	2020-10-24 15:30:23.622146+00
16	admin	0001_initial	2020-10-24 15:30:23.647151+00
17	admin	0002_logentry_remove_auto_add	2020-10-24 15:30:23.658295+00
18	admin	0003_logentry_add_action_flag_choices	2020-10-24 15:30:23.665378+00
19	django_celery_beat	0001_initial	2020-10-24 15:30:23.68638+00
20	django_celery_beat	0002_auto_20161118_0346	2020-10-24 15:30:23.708226+00
21	django_celery_beat	0003_auto_20161209_0049	2020-10-24 15:30:23.719058+00
22	django_celery_beat	0004_auto_20170221_0000	2020-10-24 15:30:23.724017+00
23	django_celery_beat	0005_add_solarschedule_events_choices	2020-10-24 15:30:23.731454+00
24	django_celery_beat	0006_auto_20180322_0932	2020-10-24 15:30:23.773578+00
25	django_celery_beat	0007_auto_20180521_0826	2020-10-24 15:30:23.788979+00
26	django_celery_beat	0008_auto_20180914_1922	2020-10-24 15:30:23.805875+00
27	django_celery_beat	0006_auto_20180210_1226	2020-10-24 15:30:23.815577+00
28	django_celery_beat	0006_periodictask_priority	2020-10-24 15:30:23.820954+00
29	django_celery_beat	0009_periodictask_headers	2020-10-24 15:30:23.827443+00
30	django_celery_beat	0010_auto_20190429_0326	2020-10-24 15:30:23.938234+00
31	django_celery_beat	0011_auto_20190508_0153	2020-10-24 15:30:23.948402+00
32	django_celery_beat	0012_periodictask_expire_seconds	2020-10-24 15:30:23.956601+00
33	exchange	0001_initial	2020-10-24 15:30:23.970271+00
34	oauth2_provider	0001_initial	2020-10-24 15:30:24.041938+00
35	oauth2_provider	0002_auto_20190406_1805	2020-10-24 15:30:24.083017+00
40	sessions	0001_initial	2020-10-24 15:30:24.594565+00
41	sites	0001_initial	2020-10-24 15:30:24.605615+00
42	sites	0002_alter_domain_unique	2020-10-24 15:30:24.613803+00
43	default	0001_initial	2020-10-24 15:30:24.691155+00
44	social_auth	0001_initial	2020-10-24 15:30:24.692141+00
45	default	0002_add_related_name	2020-10-24 15:30:24.726728+00
46	social_auth	0002_add_related_name	2020-10-24 15:30:24.727858+00
47	default	0003_alter_email_max_length	2020-10-24 15:30:24.733573+00
48	social_auth	0003_alter_email_max_length	2020-10-24 15:30:24.734726+00
49	default	0004_auto_20160423_0400	2020-10-24 15:30:24.754298+00
50	social_auth	0004_auto_20160423_0400	2020-10-24 15:30:24.758116+00
51	social_auth	0005_auto_20160727_2333	2020-10-24 15:30:24.764612+00
52	social_django	0006_partial	2020-10-24 15:30:24.771861+00
53	social_django	0007_code_timestamp	2020-10-24 15:30:24.780184+00
54	social_django	0008_partial_timestamp	2020-10-24 15:30:24.790829+00
55	social_django	0009_auto_20191118_0520	2020-10-24 15:30:24.861993+00
56	social_django	0010_uid_db_index	2020-10-24 15:30:24.88567+00
57	users	0002_alter_contact_field	2020-10-24 15:30:24.99941+00
58	users	0003_billingaddress_customer_shippingaddress	2020-10-24 15:30:25.060799+00
59	users	0004_chnage_user_avatar_to_blank_and_null_field	2020-10-24 15:30:25.147139+00
60	users	0005_auto_20201016_2230	2020-10-24 15:30:25.304267+00
61	users	0006_add_md5_hash_field	2020-10-24 15:30:25.324863+00
62	users	0007_add_password_reset_model	2020-10-24 15:30:25.40243+00
63	users	0008_auto_20201021_2108	2020-10-24 15:30:25.468388+00
64	users	0009_auto_20201021_2108	2020-10-24 15:30:25.510878+00
65	users	0010_update_uuid_field	2020-10-24 15:30:25.590929+00
66	users	0011_auto_20201021_2147	2020-10-24 15:30:25.672482+00
67	users	0012_auto_20201024_2056	2020-10-24 15:30:25.809201+00
68	social_django	0003_alter_email_max_length	2020-10-24 15:30:25.812717+00
69	social_django	0004_auto_20160423_0400	2020-10-24 15:30:25.814651+00
70	social_django	0005_auto_20160727_2333	2020-10-24 15:30:25.816428+00
71	social_django	0002_add_related_name	2020-10-24 15:30:25.817885+00
72	social_django	0001_initial	2020-10-24 15:30:25.819262+00
73	users	0013_auto_20201024_2116	2020-10-24 15:46:46.678757+00
75	users	0014_auto_20201024_2205	2020-10-24 16:36:04.727266+00
77	users	0015_auto_20201024_2228	2020-10-24 16:58:20.559785+00
79	users	0016_auto_20201024_2231	2020-10-24 17:01:43.903534+00
80	users	0017_auto_20201024_2254	2020-10-24 17:25:05.19426+00
82	users	0018_auto_20201024_2313	2020-10-24 18:33:49.545357+00
83	users	0019_create_brand_category_model	2020-10-24 18:33:49.581021+00
84	users	0020_create_product_model	2020-10-24 18:33:49.610336+00
85	shopit	0001_create_brand_category_model	2020-10-24 18:33:49.689216+00
86	shopit	0002_create_product_model	2020-10-24 18:33:49.971229+00
87	shopit	0003_auto_20201025_2050	2020-10-25 15:20:27.126729+00
88	users	0021_auto_20201025_2050	2020-10-25 15:20:27.169354+00
89	shopit	0004_auto_20201025_2115	2020-10-25 15:45:18.734211+00
90	users	0022_auto_20201025_2115	2020-10-25 15:45:18.815649+00
91	shopit	0005_auto_20201026_0452	2020-10-26 00:11:01.404119+00
92	users	0023_auto_20201026_0452	2020-10-26 00:11:01.516636+00
93	shopit	0006_auto_20201026_1814	2020-10-26 12:44:42.160733+00
94	users	0024_auto_20201026_1814	2020-10-26 12:44:43.530712+00
95	shopit	0007_auto_20201026_1817	2020-10-26 12:47:44.514864+00
96	users	0025_auto_20201026_1817	2020-10-26 12:47:46.595131+00
97	shopit	0008_auto_20201026_1832	2020-10-26 13:03:05.648678+00
98	users	0026_auto_20201026_1832	2020-10-26 13:03:07.181428+00
99	shopit	0009_auto_20201026_1905	2020-10-26 13:35:38.349319+00
100	users	0027_auto_20201026_1905	2020-10-26 13:35:39.689105+00
132	shopit	0010_auto_20201026_1916	2020-10-26 13:47:04.475853+00
133	users	0028_auto_20201026_1916	2020-10-26 13:47:05.77928+00
134	shopit	0011_auto_20201026_1923	2020-10-26 13:55:11.052392+00
135	users	0029_auto_20201026_1923	2020-10-26 13:55:11.206175+00
136	shopit	0012_auto_20201026_1934	2020-10-26 14:06:06.844317+00
137	users	0030_auto_20201026_1934	2020-10-26 14:06:06.901726+00
138	shopit	0013_auto_20201026_1948	2020-10-26 14:21:33.991362+00
139	users	0031_auto_20201026_1948	2020-10-26 14:21:35.93137+00
140	shopit	0014_auto_20201026_2023	2020-10-26 14:53:51.577516+00
141	users	0032_auto_20201026_2023	2020-10-26 14:53:54.062677+00
142	shopit	0015_auto_20201026_2135	2020-10-26 16:06:06.777117+00
143	users	0033_auto_20201026_2135	2020-10-26 16:06:08.126707+00
144	shopit	0016_auto_20201027_0017	2020-10-26 18:47:34.252426+00
145	users	0034_auto_20201027_0017	2020-10-26 18:47:37.837676+00
146	users	0035_auto_20201027_0137	2020-10-26 20:08:03.12578+00
147	shopit	0017_auto_20201027_0137	2020-10-26 20:08:10.815725+00
148	shopit	0018_auto_20201027_1738	2020-10-27 12:09:23.35273+00
149	users	0036_auto_20201027_1738	2020-10-27 12:09:25.158216+00
150	shopit	0019_auto_20201027_2103	2020-10-27 15:33:53.437852+00
151	users	0037_auto_20201027_2103	2020-10-27 15:33:59.044557+00
152	shopit	0020_auto_20201027_2226	2020-10-27 16:56:48.422798+00
153	users	0038_auto_20201027_2226	2020-10-27 16:56:49.770223+00
154	shopit	0021_auto_20201028_1402	2020-10-28 08:33:14.182726+00
155	users	0039_auto_20201028_1402	2020-10-28 08:33:17.018262+00
156	shopit	0022_auto_20201028_1625	2020-10-28 10:56:05.032048+00
157	users	0040_auto_20201028_1625	2020-10-28 10:56:07.524723+00
158	shopit	0023_availablefilterselectoptions_value	2020-10-28 11:31:14.435789+00
159	shopit	0024_auto_20201028_2008	2020-10-28 14:39:03.551194+00
160	shopit	0025_auto_20201028_2024	2020-10-28 14:54:36.906911+00
161	shopit	0026_auto_20201029_0133	2020-10-28 20:03:24.359755+00
\.


--
-- Data for Name: django_session; Type: TABLE DATA; Schema: public; Owner: shopit
--

COPY public.django_session (session_key, session_data, expire_date) FROM stdin;
smphveql4g73yi18pjy0hvq8vakmv1hw	.eJxVjEEOwiAQRe_C2hBKcSgu3fcMzcwwSNVAUtqV8e7apAvd_vfef6kJtzVPW5NlmqO6KKtOvxshP6TsIN6x3KrmWtZlJr0r-qBNjzXK83q4fwcZW_7WSA5CSJ65S-zADZI8IQCdk0dPIl0AY9nwEMR66VMEb1jAOJLUi1PvDwhkONo:1kWLYW:-5X8Con2j5WGjLVlr5T1nAS88WRNlThqfDZxRi9wJFg	2020-11-07 15:34:08.51083+00
zpp5mr4kv2ux3120i6nrm884oaduj2ui	.eJxVjEEOwiAQRe_C2hBKcSgu3fcMzcwwSNVAUtqV8e7apAvd_vfef6kJtzVPW5NlmqO6KKtOvxshP6TsIN6x3KrmWtZlJr0r-qBNjzXK83q4fwcZW_7WSA5CSJ65S-zADZI8IQCdk0dPIl0AY9nwEMR66VMEb1jAOJLUi1PvDwhkONo:1kWlPX:-DcglM2qQlycd83XCCTucNMnyq-0IUvjCvHkqQY730I	2020-11-08 19:10:35.474403+00
rful7jz0ruqj1srqi474veytf0fwd1u2	.eJxVjDsOwjAQBe_iGlmJ48-akj5nsHbXNg4gR4qTCnF3EikFtG9m3lsE3NYStpaWMEVxFUpcfjdCfqZ6gPjAep8lz3VdJpKHIk_a5DjH9Lqd7t9BwVb2WpvOZLIaUybyBJBw8MC-N8Y7TqxYG-e17oCVAruzoY_WEVCOwI7F5wvkvTfM:1kX1fV:AsrCq50Ex044EujTD4ZbDNioAQyIQbgVe9Q2rEkM7Ek	2020-11-09 12:32:09.277971+00
z9x8kdwfvk16mex2w7icuiqc5rnsf523	.eJxVjEEOwiAQRe_C2hAQlI5L9z0DGWYGqRpISrsy3l2bdKHb_977LxVxXUpcu8xxYnVR1oA6_K4J6SF1Q3zHemuaWl3mKelN0Tvtemwsz-vu_h0U7OVbnyljOAkCkQBak1DQMDlmE5iOmFMAyD4HAeuJHTgPbAcvyRswQ1bvD3kXOZQ:1kX3vf:ZgC5MWfiiBg19X1tdWb8MGmS35iWFdjwnw-AiO8Qju8	2020-11-09 14:56:59.666852+00
fbgnvafod7a7j3s53l0uwrnog3qxvgk7	.eJxVjEEOwiAQRe_C2hAQlI5L9z0DGWYGqRpISrsy3l2bdKHb_977LxVxXUpcu8xxYnVR1oA6_K4J6SF1Q3zHemuaWl3mKelN0Tvtemwsz-vu_h0U7OVbnyljOAkCkQBak1DQMDlmE5iOmFMAyD4HAeuJHTgPbAcvyRswQ1bvD3kXOZQ:1kX4Mg:M8aD1o5pxMMJVr-9BDt8kb14iV2zevCUplN7idWBm1U	2020-11-09 15:24:54.241805+00
4jjcmj3ng96ons4z4v5odok6dzlazdqb	.eJxVjEEOwiAQRe_C2hAQlI5L9z0DGWYGqRpISrsy3l2bdKHb_977LxVxXUpcu8xxYnVR1oA6_K4J6SF1Q3zHemuaWl3mKelN0Tvtemwsz-vu_h0U7OVbnyljOAkCkQBak1DQMDlmE5iOmFMAyD4HAeuJHTgPbAcvyRswQ1bvD3kXOZQ:1kX7ks:DA6lmiKj6XBepZ2Qj0qeyo6c3ODJvXYKoPcWqE6NvS4	2020-11-09 19:02:06.294445+00
9j7qxmmspkbd3rdyd23fuugs0e9vohx9	.eJxVjEEOwiAQRe_C2hAQlI5L9z0DGWYGqRpISrsy3l2bdKHb_977LxVxXUpcu8xxYnVR1oA6_K4J6SF1Q3zHemuaWl3mKelN0Tvtemwsz-vu_h0U7OVbnyljOAkCkQBak1DQMDlmE5iOmFMAyD4HAeuJHTgPbAcvyRswQ1bvD3kXOZQ:1kXNgC:HFeZ9m39HewcSnlYrN0NsM3BPhOQW3wI6tpUEHA0UpE	2020-11-10 12:02:20.1045+00
t0m2zmmxiac50naojdv1ifgfgd0u5aj3	.eJxVjEEOwiAQRe_C2hAQlI5L9z0DGWYGqRpISrsy3l2bdKHb_977LxVxXUpcu8xxYnVR1oA6_K4J6SF1Q3zHemuaWl3mKelN0Tvtemwsz-vu_h0U7OVbnyljOAkCkQBak1DQMDlmE5iOmFMAyD4HAeuJHTgPbAcvyRswQ1bvD3kXOZQ:1kXQUd:0lPLSCHgeasJPIGTeeNiwOexhdcgyzC7cewID7HusI8	2020-11-10 15:02:35.451031+00
0mgh1mecf5ixnn5g3wby0cpts5d6q8nw	.eJxVjEEOwiAQRe_C2hAQlI5L9z0DGWYGqRpISrsy3l2bdKHb_977LxVxXUpcu8xxYnVR1oA6_K4J6SF1Q3zHemuaWl3mKelN0Tvtemwsz-vu_h0U7OVbnyljOAkCkQBak1DQMDlmE5iOmFMAyD4HAeuJHTgPbAcvyRswQ1bvD3kXOZQ:1kXSFz:5XsfUsiR82Vu-ohSHBx_-iKZiA8EmH8wUyuQU43ECfE	2020-11-10 16:55:35.689581+00
y221xe6hwpif2fp6fdrzx5u2ry2nc1vd	.eJxVjEEOwiAQRe_C2hAQlI5L9z0DGWYGqRpISrsy3l2bdKHb_977LxVxXUpcu8xxYnVR1oA6_K4J6SF1Q3zHemuaWl3mKelN0Tvtemwsz-vu_h0U7OVbnyljOAkCkQBak1DQMDlmE5iOmFMAyD4HAeuJHTgPbAcvyRswQ1bvD3kXOZQ:1kXSGt:tpucdIuJNc25QVohrA6ArY7RjWPUXCxgvG6FWCn4a1k	2020-11-10 16:56:31.297831+00
dpcj5ya38bnoa62vzxiqo5tilcj7d1j4	.eJxVjEEOwiAQRe_C2hAQlI5L9z0DGWYGqRpISrsy3l2bdKHb_977LxVxXUpcu8xxYnVR1oA6_K4J6SF1Q3zHemuaWl3mKelN0Tvtemwsz-vu_h0U7OVbnyljOAkCkQBak1DQMDlmE5iOmFMAyD4HAeuJHTgPbAcvyRswQ1bvD3kXOZQ:1kXVZa:GLa5DPHpHRVg-VPceGeWWeeTtfi8MXla_V3-YCKO4e4	2020-11-10 20:28:02.394537+00
yq29fk6vp5zrhwy4caoogphltfnpmipl	.eJxVjEEOwiAQRe_C2hAQlI5L9z0DGWYGqRpISrsy3l2bdKHb_977LxVxXUpcu8xxYnVR1oA6_K4J6SF1Q3zHemuaWl3mKelN0Tvtemwsz-vu_h0U7OVbnyljOAkCkQBak1DQMDlmE5iOmFMAyD4HAeuJHTgPbAcvyRswQ1bvD3kXOZQ:1kXVeb:Cn8zSzdO8qvz5UKimLoOkRRw4unQM-QpcaEXkxH_sM8	2020-11-10 20:33:13.873049+00
hvunhgj7y65jm458zvwk5ieexdb54vkk	.eJxVjEEOwiAQRe_C2hAQlI5L9z0DGWYGqRpISrsy3l2bdKHb_977LxVxXUpcu8xxYnVR1oA6_K4J6SF1Q3zHemuaWl3mKelN0Tvtemwsz-vu_h0U7OVbnyljOAkCkQBak1DQMDlmE5iOmFMAyD4HAeuJHTgPbAcvyRswQ1bvD3kXOZQ:1kXhg3:530SQQ8-C-sHaYqJO-EdmFvMdQUoxVLTMFqXg10sofM	2020-11-11 09:23:31.915445+00
\.


--
-- Data for Name: django_site; Type: TABLE DATA; Schema: public; Owner: shopit
--

COPY public.django_site (id, domain, name) FROM stdin;
1	example.com	example.com
\.


--
-- Data for Name: exchange_exchangebackend; Type: TABLE DATA; Schema: public; Owner: shopit
--

COPY public.exchange_exchangebackend (name, last_update, base_currency) FROM stdin;
\.


--
-- Data for Name: exchange_rate; Type: TABLE DATA; Schema: public; Owner: shopit
--

COPY public.exchange_rate (id, currency, value, backend_id) FROM stdin;
\.


--
-- Data for Name: oauth2_provider_application; Type: TABLE DATA; Schema: public; Owner: shopit
--

COPY public.oauth2_provider_application (id, client_id, redirect_uris, client_type, authorization_grant_type, client_secret, name, user_id, skip_authorization, created, updated) FROM stdin;
2	3aPRby860zLnX6n7wFT5EX75ypUJBDegRVpywtBz		confidential	password	W57NwPN6052joOgtrG0WfFeTwN2IK3MzAe7iZBCGwC4W8FyQ9Vm1YJkfDVk2cfc1HtkosFt085TkWA5uLuWRljk9A3CcD1w1vFcGSNM7NAfYb3Wu2GEpIyNsu5t2f1qR	shopit	109	f	2020-10-26 15:14:17.328801+00	2020-10-26 15:14:17.328824+00
\.


--
-- Data for Name: oauth2_provider_accesstoken; Type: TABLE DATA; Schema: public; Owner: shopit
--

COPY public.oauth2_provider_accesstoken (id, token, expires, scope, application_id, user_id, created, updated, source_refresh_token_id) FROM stdin;
21	t717ahfmH5s9kntHXHnSLShRhNQKXq	2020-10-27 16:22:06.964257+00	read write	2	109	2020-10-26 16:22:06.964781+00	2020-10-26 16:22:06.964794+00	\N
22	7zC7ywBfHkHmVH9m8btblNaiH8NMRf	2020-10-28 16:53:48.655433+00	read write	2	109	2020-10-27 16:53:48.65625+00	2020-10-27 16:53:48.656264+00	\N
23	RZukMPG7rrEz1Qiq8Kh3fl8UoI6FcZ	2020-10-28 23:00:01.780019+00	read write	2	491	2020-10-27 23:00:01.781007+00	2020-10-27 23:00:01.781021+00	\N
24	0u4XJ8TEMd62lQ07lCDCBxrGxz3oxY	2020-10-29 09:58:38.658991+00	read write	2	491	2020-10-28 09:58:38.659496+00	2020-10-28 09:58:38.659509+00	\N
25	ILIEggoOFalpVw8D6KqEIEkjM8ulFb	2020-10-29 10:12:57.479145+00	read write	2	491	2020-10-28 10:12:57.479562+00	2020-10-28 10:12:57.479575+00	\N
26	RKMRe25K0vcK9naioViUyjAdJL5W3u	2020-10-29 12:05:14.170584+00	read write	2	491	2020-10-28 12:05:14.171097+00	2020-10-28 12:05:14.17111+00	\N
27	3q0PqpE1guSsD8oTsEfREqPQyjNNJk	2020-10-29 12:40:42.58723+00	read write	2	491	2020-10-28 12:40:42.587752+00	2020-10-28 12:40:42.587764+00	\N
28	lVzXlFlCh66l6GSiDoPkC6nx3Ijxoe	2020-10-29 21:25:57.932943+00	read write	2	491	2020-10-28 21:25:57.93347+00	2020-10-28 21:25:57.933484+00	\N
29	3uOMhdcTDpdDgByxplmBQDuZMy0qRc	2020-10-29 21:57:22.174428+00	read write	2	491	2020-10-28 21:57:22.175846+00	2020-10-28 21:57:22.175887+00	\N
\.


--
-- Data for Name: oauth2_provider_grant; Type: TABLE DATA; Schema: public; Owner: shopit
--

COPY public.oauth2_provider_grant (id, code, expires, redirect_uri, scope, application_id, user_id, created, updated, code_challenge, code_challenge_method) FROM stdin;
\.


--
-- Data for Name: oauth2_provider_refreshtoken; Type: TABLE DATA; Schema: public; Owner: shopit
--

COPY public.oauth2_provider_refreshtoken (id, token, access_token_id, application_id, user_id, created, updated, revoked) FROM stdin;
21	EtUouyuK982VFvjmA0z8mb4TqRoHNP	21	2	109	2020-10-26 16:22:06.966246+00	2020-10-26 16:22:06.966264+00	\N
22	gTVHPchVPn4PGzq5tjSiXMGXIvwcV1	22	2	109	2020-10-27 16:53:48.663482+00	2020-10-27 16:53:48.663504+00	\N
23	gsffNpiWWoOPX5RrvPl80T8R84yUXz	23	2	491	2020-10-27 23:00:01.796067+00	2020-10-27 23:00:01.796093+00	\N
24	RHtc5YkKprM6jBWhGfKuegAM6ziHnv	24	2	491	2020-10-28 09:58:38.662252+00	2020-10-28 09:58:38.662269+00	\N
25	ZotxGqKZ77V8lp7lH6HifgaaC7qN7i	25	2	491	2020-10-28 10:12:57.480733+00	2020-10-28 10:12:57.480749+00	\N
26	kWYXVdrHcTku5N3tsR8FbBoz6XrVKG	26	2	491	2020-10-28 12:05:14.172543+00	2020-10-28 12:05:14.17256+00	\N
27	8JO0byi2Wduf9RsoMt7OpdB48hhYek	27	2	491	2020-10-28 12:40:42.589366+00	2020-10-28 12:40:42.589383+00	\N
28	dysgb47d8aRgvRfXlipfCObggxy1aZ	28	2	491	2020-10-28 21:25:57.935121+00	2020-10-28 21:25:57.935139+00	\N
29	wcMgg6Zoac3ugOxVz9JVixIWuAJx64	29	2	491	2020-10-28 21:57:22.735016+00	2020-10-28 21:57:22.735062+00	\N
\.


--
-- Data for Name: products_brand; Type: TABLE DATA; Schema: public; Owner: shopit
--

COPY public.products_brand (id, name, tags, created_at, updated_at) FROM stdin;
\.


--
-- Data for Name: products_category; Type: TABLE DATA; Schema: public; Owner: shopit
--

COPY public.products_category (id, name, tags, created_at, updated_at) FROM stdin;
\.


--
-- Data for Name: products_category_brand; Type: TABLE DATA; Schema: public; Owner: shopit
--

COPY public.products_category_brand (id, category_id, brand_id) FROM stdin;
\.


--
-- Data for Name: products_filtercategory; Type: TABLE DATA; Schema: public; Owner: shopit
--

COPY public.products_filtercategory (id, name, created_at, updated_at) FROM stdin;
\.


--
-- Data for Name: products_category_filter_category; Type: TABLE DATA; Schema: public; Owner: shopit
--

COPY public.products_category_filter_category (id, category_id, filtercategory_id) FROM stdin;
\.


--
-- Data for Name: products_pricefiltercategory; Type: TABLE DATA; Schema: public; Owner: shopit
--

COPY public.products_pricefiltercategory (id, name, under_price_currency, under_price, middle_price_currency, middle_price, above_price_currency, above_price, created_at, updated_at) FROM stdin;
\.


--
-- Data for Name: products_category_price_filter_category; Type: TABLE DATA; Schema: public; Owner: shopit
--

COPY public.products_category_price_filter_category (id, category_id, pricefiltercategory_id) FROM stdin;
\.


--
-- Data for Name: products_filterproperties; Type: TABLE DATA; Schema: public; Owner: shopit
--

COPY public.products_filterproperties (id, name, value, created_at, updated_at) FROM stdin;
\.


--
-- Data for Name: products_filtercategory_properties; Type: TABLE DATA; Schema: public; Owner: shopit
--

COPY public.products_filtercategory_properties (id, filtercategory_id, filterproperties_id) FROM stdin;
\.


--
-- Data for Name: products_middlepricerange; Type: TABLE DATA; Schema: public; Owner: shopit
--

COPY public.products_middlepricerange (id, name, start_price_currency, start_price, end_price_currency, end_price, created_at, updated_at) FROM stdin;
\.


--
-- Data for Name: products_product; Type: TABLE DATA; Schema: public; Owner: shopit
--

COPY public.products_product (id, name, is_available, stoke, description, original_price_currency, original_price, current_price_currency, current_price, tags, product_detail, created_at, updated_at, brand_id) FROM stdin;
\.


--
-- Data for Name: shopit_availablefilterselectoptions; Type: TABLE DATA; Schema: public; Owner: shopit
--

COPY public.shopit_availablefilterselectoptions (id, name, created_at, value) FROM stdin;
1	Red	2020-10-28 08:33:01.185754+00	\N
2	Yellow	2020-10-28 08:33:01.185754+00	\N
3	Green	2020-10-28 08:33:01.185754+00	\N
4	1 T.B.	2020-10-28 11:33:13.497099+00	1024
5	128 G.B	2020-10-28 11:33:29.795596+00	128
6	512 G.B.	2020-10-28 11:33:48.430831+00	512
7	256 G.B	2020-10-28 11:34:19.580997+00	256
8	2 T.B	2020-10-28 11:37:25.91681+00	2048
\.


--
-- Data for Name: shopit_brand; Type: TABLE DATA; Schema: public; Owner: shopit
--

COPY public.shopit_brand (id, name, image, tags, created_at, updated_at) FROM stdin;
4	apple		{mac,laptop}	2020-10-27 11:58:58.582398+00	2020-10-27 11:58:58.582419+00
5	SanDisk		{SanDisk,"Flash Drive","Pan Drive"}	2020-10-27 22:45:29.86409+00	2020-10-27 22:45:29.864107+00
6	OnePlus		\N	2020-10-28 18:54:39.196335+00	2020-10-28 18:54:39.196353+00
\.


--
-- Data for Name: shopit_category; Type: TABLE DATA; Schema: public; Owner: shopit
--

COPY public.shopit_category (id, name, tags, created_at, updated_at) FROM stdin;
6	Automative	\N	2020-10-26 15:51:30.093485+00	2020-10-26 15:51:30.093508+00
7	Men's Fashion	\N	2020-10-26 15:55:19.2999+00	2020-10-26 15:55:19.299924+00
8	Luggage	\N	2020-10-26 15:56:09.636235+00	2020-10-26 15:56:09.636257+00
9	Smart Home	\N	2020-10-26 15:56:29.857177+00	2020-10-26 15:56:29.8572+00
10	Arts & Crafts	\N	2020-10-26 15:56:55.637264+00	2020-10-26 15:57:32.540496+00
11	Boy's Fashion	\N	2020-10-26 15:57:51.458678+00	2020-10-26 15:57:51.458696+00
12	Girl's Fashion	\N	2020-10-26 15:58:17.175552+00	2020-10-26 15:58:17.175574+00
13	Movies & Television	\N	2020-10-26 15:58:34.825861+00	2020-10-26 15:58:34.825884+00
14	Software	\N	2020-10-26 15:58:43.571467+00	2020-10-26 15:58:43.571486+00
15	Health & Household	\N	2020-10-26 15:58:57.559598+00	2020-10-26 15:58:57.55962+00
16	Computers	\N	2020-10-26 16:00:44.776043+00	2020-10-26 16:00:44.776092+00
17	Home & Kitchen	\N	2020-10-26 16:00:59.7201+00	2020-10-26 16:00:59.720124+00
18	Toys & Games	\N	2020-10-26 16:01:32.724033+00	2020-10-26 16:01:32.724079+00
20	Baby	\N	2020-10-26 16:02:07.13855+00	2020-10-26 16:02:07.138568+00
21	Women's Fashion	\N	2020-10-26 16:02:20.424806+00	2020-10-26 16:02:20.424827+00
22	Video games	\N	2020-10-26 16:02:36.483922+00	2020-10-26 16:02:36.483942+00
19	Sports & Outdoors	\N	2020-10-26 16:01:54.719737+00	2020-10-26 16:03:12.6446+00
4	Electronics	\N	2020-10-26 15:43:27.908846+00	2020-10-27 11:59:45.032961+00
23	Beauty and Personal care	\N	2020-10-26 16:10:56.690386+00	2020-10-28 10:31:07.504281+00
24	Tools & Home Improvement	\N	2020-10-28 10:53:55.87787+00	2020-10-28 10:53:55.877893+00
25	Pet Supplies	\N	2020-10-28 10:54:24.084676+00	2020-10-28 10:54:24.084695+00
26	Appstore for Android	\N	2020-10-28 10:55:46.718807+00	2020-10-28 10:55:46.718825+00
28	Industrial & Scientific	\N	2020-10-28 12:29:28.040633+00	2020-10-28 12:29:28.040653+00
\.


--
-- Data for Name: shopit_category_brand; Type: TABLE DATA; Schema: public; Owner: shopit
--

COPY public.shopit_category_brand (id, category_id, brand_id) FROM stdin;
9	4	4
\.


--
-- Data for Name: shopit_commentonreview; Type: TABLE DATA; Schema: public; Owner: shopit
--

COPY public.shopit_commentonreview (id, comment, created_at, updated_at, created_by_id) FROM stdin;
\.


--
-- Data for Name: shopit_filtercategory; Type: TABLE DATA; Schema: public; Owner: shopit
--

COPY public.shopit_filtercategory (id, name, created_at, updated_at) FROM stdin;
1	Laptop	2020-10-26 13:40:05.679763+00	2020-10-28 11:39:39.095751+00
\.


--
-- Data for Name: shopit_filterproperties; Type: TABLE DATA; Schema: public; Owner: shopit
--

COPY public.shopit_filterproperties (id, name, created_at, updated_at, property_type) FROM stdin;
1	storage	2020-10-25 18:56:26.077622+00	2020-10-28 11:40:04.025339+00	S
\.


--
-- Data for Name: shopit_filtercategory_properties; Type: TABLE DATA; Schema: public; Owner: shopit
--

COPY public.shopit_filtercategory_properties (id, filtercategory_id, filterproperties_id) FROM stdin;
1	1	1
\.


--
-- Data for Name: shopit_filtervaluestext; Type: TABLE DATA; Schema: public; Owner: shopit
--

COPY public.shopit_filtervaluestext (id, name, max_possible_value, min_possible_value, created_at) FROM stdin;
\.


--
-- Data for Name: shopit_filterproperties_filter_values; Type: TABLE DATA; Schema: public; Owner: shopit
--

COPY public.shopit_filterproperties_filter_values (id, filterproperties_id, filtervaluestext_id) FROM stdin;
\.


--
-- Data for Name: shopit_filtervaluesselect; Type: TABLE DATA; Schema: public; Owner: shopit
--

COPY public.shopit_filtervaluesselect (id, name, created_at) FROM stdin;
1	Color	2020-10-28 08:33:04.987336+00
2	Laptop Storage	2020-10-28 11:37:31.445249+00
\.


--
-- Data for Name: shopit_filterproperties_select_values; Type: TABLE DATA; Schema: public; Owner: shopit
--

COPY public.shopit_filterproperties_select_values (id, filterproperties_id, filtervaluesselect_id) FROM stdin;
1	1	2
\.


--
-- Data for Name: shopit_filtervaluesselect_available_options; Type: TABLE DATA; Schema: public; Owner: shopit
--

COPY public.shopit_filtervaluesselect_available_options (id, filtervaluesselect_id, availablefilterselectoptions_id) FROM stdin;
1	1	1
2	1	2
3	1	3
4	2	4
5	2	5
6	2	6
7	2	7
8	2	8
\.


--
-- Data for Name: shopit_pricefiltercategory; Type: TABLE DATA; Schema: public; Owner: shopit
--

COPY public.shopit_pricefiltercategory (id, name, under_price_currency, under_price, middle_price_currency, middle_price, above_price_currency, above_price, created_at, updated_at) FROM stdin;
1	test	INR	100.00	INR	100.00	INR	100.00	2020-10-26 13:43:06.687727+00	2020-10-26 13:43:06.687746+00
2	Laptop filter 0 To 20,0000	INR	0.00	INR	10000.00	INR	20000.00	2020-10-27 15:08:41.291943+00	2020-10-27 15:08:41.29201+00
3	laptop filter 20,000 to 50,000	INR	20000.00	INR	35000.00	INR	50000.00	2020-10-27 15:09:49.448503+00	2020-10-27 15:09:49.448554+00
4	Laptop filter 50,000 to 75,000	INR	50000.00	INR	65000.00	INR	75000.00	2020-10-27 15:11:29.998659+00	2020-10-27 15:11:29.998729+00
5	Laptop filter above 75,000	INR	75000.00	INR	100000.00	INR	200000.00	2020-10-28 11:25:47.794883+00	2020-10-28 11:25:47.794901+00
\.


--
-- Data for Name: users_shippingaddress; Type: TABLE DATA; Schema: public; Owner: shopit
--

COPY public.users_shippingaddress (id, room, address1, address2, city, state, country, postal_code, contact_number, fax, email, extra_information) FROM stdin;
1	1/6	09/47 Acharya\nBhvnagar-437660	Banerjee	Alwar	Lakshadweep unionterritory	IN	193868	+918736853152	\N	banerjeeaarav@gmail.com	\N
2	90/2549	96 Burman\nChikka Mandya 888501	Advika Agarwal	Hubli	Kerala	IN	952396	03172331428	\N	csingh@gmail.com	\N
3	555	1312 Agarwal\nPanaji-039083	Dara	Bharatpur	Tripur	IN	337514	07274 853129	\N	patiladvait@gmail.com	\N
4	82/42	0/5 Zara Burman\nHarpur 348031	Vihaan Burman	Alappuzha	Jammu	IN	334765	+91 453 7651625	\N	oreddy@hotmail.com	\N
5	104	00/622 Bakshi\nMuzaffarpur 710330	Aaradhya Singh	Dehra Dn	Madhya Pradesh	IN	021778	+911961737474	\N	varmamuhammad@banerjee.org	\N
6	8/2	2 Babu\nWarangal 243842	Zara Singh	Daman	Karnataka	IN	482039	01980480818	\N	fathima19@yahoo.com	\N
7	40	29/1309 Bhatt\nPurnea-334807	Agarwal	Kolkata	Andaman and Nicobar	IN	224349	+91 530 4139539	\N	aadya90@hotmail.com	\N
8	771	8/4 Ryan Acharya\nPuri 576771	Bedi	Mysore	Andhra Pradesh	IN	034209	06984 475412	\N	lbabu@reddy.com	\N
9	81/2436	0495 Patil\nSrnagar 428710	Patil	Nellore	Rajastha	IN	902634	06096 140102	\N	mvarma@acharya-balakrishnan.com	\N
10	143	93 Ishaan Singh\nDhanbd-521697	Bhatt	Dindigul	Madhya Pradesh	IN	472127	053-52325312	\N	bakshiaadya@gmail.com	\N
11	79	6/5 Burman\nAjmer 985368	Reddy	Machilpatnam	Andhra Pradesh	IN	763482	01232 920841	\N	ayansh49@acharya-patil.biz	\N
12	610	5580 Varma\nBengalru-603912	Burman	Port Blair	Telangan	IN	529204	044-65241249	\N	lburman@bedi.com	\N
13	7/3	96/8427 Muhammad Agarwal\nKarnl-202022	Dara	Saidpur	Puducherr	IN	966689	08037 592109	\N	atharvbhatt@gmail.com	\N
14	04/8899	02/99 Daniel Burman\nBilspur-461362	Aavya Varma	Dhlia	Puducherr	IN	236204	+91 397 9027915	\N	diyabanerjee@burman-burman.info	\N
15	88/55	60/63 Bakshi\nSrnagar 017895	Anaya Varma	Alwar	AssamBihar	IN	007521	+917564051519	\N	parthbalakrishnan@yahoo.com	\N
16	100	06/37 Sri Acharya\nUjjain-754276	Zara Babu	Tuticorin	Jammu	IN	346637	+917146712392	\N	jbakshi@hotmail.com	\N
17	5582	49 Bedi\nMumbai-999580	Singh	Daman	Sikki	IN	226018	+91 284 5035917	\N	ayanshdara@acharya-patil.com	\N
18	980	2/4 Advait Acharya\nCuttack 437873	Burman	Alwar	West Benga	IN	011978	04373959796	\N	myrabalakrishnan@hotmail.com	\N
19	8	57 Aarav Agarwal\nBharauri 406124	Parth Agarwal	Samlaipdar	Maharashtra	IN	042818	+91 2688999556	\N	banthony@bedi-balakrishnan.com	\N
20	50/60	26/6890 Banerjee\nKrishnpuram-283134	Acharya	Silvassa	Gujarat	IN	442753	054-77149192	\N	ryan00@bakshi.biz	\N
21	48/919	4607 Acharya\nNsik-436763	Inaaya Babu	Rjahmundry	Tamil Nad	IN	905885	00075576558	\N	balakrishnandiya@varma-agarwal.net	\N
22	92/1525	31/57 Varma\nJhnsi 762610	Aarav Sharma	Sonpat	Gujarat	IN	416240	09711 960351	\N	aavyavarma@balakrishnan.org	\N
23	04	97/526 Babu\nSilchar 435994	Sharma	Hospet	Odish	IN	686211	+914079663545	\N	aadvikdara@reddy-anthony.com	\N
24	4/5	5342 Anaya Dara\nAllahbd-578054	Anthony	Fardbd	Meghalay	IN	626991	+91 0614851020	\N	fathimabhatt@bhatt.com	\N
25	91	215 Reddy\nMirzpur-918896	Singh	Cuddalore	Goa 	IN	620076	004-64388145	\N	ipatil@hotmail.com	\N
26	075	085 Aadya Bedi\nPatna 104365	Burman	Bhgalpur	Jharkhand	IN	383037	074-77752030	\N	agarwalaavya@hotmail.com	\N
27	2622	66/4922 Vivaan Singh\nDhanbd-452660	Aavya Agarwal	Mlegaon Camp	Gujarat	IN	882074	+916532246401	\N	advikaburman@gmail.com	\N
28	3	22/9569 Acharya\nsansol 618063	Arjun Patil	Krishnanagar	Andhra Pradesh	IN	858351	+918587900309	\N	ayaanreddy@yahoo.com	\N
29	4/1	73/591 Reddy\nVellore 511430	Arjun Acharya	Ghandinagar	Jharkhand	IN	245720	+918495149293	\N	bhattayaan@balakrishnan.biz	\N
30	1	4 Babu\nBareilly 984591	Reyansh Agarwal	Jodhpur	Karnataka	IN	509641	+915813102806	\N	beditanvi@gmail.com	\N
31	3	2 Parth Bhatt\nRjaplaiyam-391733	Sri Banerjee	Bijpur	Jharkhand	IN	449481	051-35041981	\N	parth69@gmail.com	\N
32	14/69	39 Singh\nCuddalore 807073	Atharv Sharma	Calicut	Dadra and Nagar 	IN	446364	+911214604218	\N	inaayasingh@reddy.com	\N
33	148	25/6783 Anika Anthony\nAlpur Dur-917284	Anaya Acharya	Aizawl	Mizora	IN	389859	05496030461	\N	banerjeefathima@yahoo.com	\N
34	339	262 Aadya Burman\nPlibht 658431	Sharma	Chennai	Madhya Pradesh	IN	993091	03081279045	\N	anayadara@acharya-varma.info	\N
35	500	133 Myra Bedi\nAlpur Dur 681596	Aarush Banerjee	Bhlwra	Ladakh	IN	510958	+913593342330	\N	shauryapatil@agarwal.org	\N
36	04/59	17/9278 Aadvik Varma\nSalem 677511	Reddy	Coimbatore	Madhya Pradesh	IN	769276	005-61699791	\N	ryan53@sharma.com	\N
37	4/4	2 Agarwal\nAmbla-496337	Shaurya Reddy	Hora	Kerala	IN	686111	087-74986534	\N	inaaya43@bhatt.com	\N
38	2/7	01 Arjun Singh\nDindigul 717441	Bakshi	Algarh	Ladakh	IN	181948	+917278175003	\N	diyabakshi@agarwal-babu.com	\N
39	49/51	7 Amaira Varma\nGhzibd 595562	Balakrishnan	Kohima	Meghalay	IN	871769	08453323320	\N	tanvi73@gmail.com	\N
40	256	07 Patil\nKarnl-861183	Banerjee	Karmnagar	Tamil Nad	IN	108206	082-29458023	\N	danielreddy@bakshi.net	\N
41	0/0	7 Aarav Dara\nTonk-521659	Sharma	Kkinda	Nagalan	IN	195457	+916963493042	\N	singhshaurya@gmail.com	\N
42	01/60	986 Ayaan Acharya\nKollam 304253	Banerjee	Saidpur	Uttar Prades	IN	270505	+912062665845	\N	ryanburman@reddy.net	\N
43	45/30	68/9631 Vihaan Bakshi\nBhiwni 692324	Aarav Balakrishnan	Patila	Manipur	IN	424324	04150 516125	\N	bvarma@singh.com	\N
44	916	9 Sharma\nHyderabad-309479	Burman	Guwhti	Madhya Pradesh	IN	774740	03435244133	\N	hsharma@hotmail.com	\N
45	6871	6832 Shaurya Acharya\nCoimbatore-684960	Anthony	Lucknow	Dadra and Nagar 	IN	025653	+911447848554	\N	tbakshi@singh-burman.biz	\N
46	1	3526 Ayansh Singh\nTiruvannmalai 838532	Varma	Ranchi	Uttar Prades	IN	956897	09211 715795	\N	viaanagarwal@gmail.com	\N
47	95/797	30 Reddy\nTiruvannmalai 673191	Advait Singh	Karnl	Jammu and Kashmir	IN	655495	046-57491121	\N	singhmuhammad@gmail.com	\N
48	635	9/2 Bhatt\nPort Blair-293123	Bhatt	Tezpur	Andhra Pradesh	IN	294135	09122513104	\N	reyansh38@yahoo.com	\N
49	11/6014	6 Bedi\nNsik 732993	Tanvi Varma	Dehra Dn	Gujarat	IN	454798	03913 186695	\N	bhattreyansh@gmail.com	\N
50	2	4 Diya Balakrishnan\nTuticorin 447472	Amaira Acharya	Karnl	Jammu and Kashmir	IN	166806	+918757526701	\N	aavyareddy@yahoo.com	\N
51	2/6	2494 Ayansh Burman\nPanaji 127060	Sharma	Hindupur	Nagalan	IN	302970	000-60377528	\N	maryam12@reddy-bhatt.com	\N
52	243	5 Anika Singh\nBarddhamn-621865	Atharv Patil	Vizianagaram	Haryana 	IN	197977	09936391534	\N	qpatil@gmail.com	\N
53	0/1	45/5856 Viaan Reddy\nKhnpur-584546	Shaurya Sharma	Guntr	Lakshadweep unionterritory	IN	406094	08770003890	\N	kiaansharma@hotmail.com	\N
54	45	9 Bedi\nHpur 726815	Atharv Sharma	Rmpura	Delhi	IN	172668	+919499360070	\N	cbedi@varma-dara.com	\N
55	57	63 Arjun Reddy\nDindigul-409276	Balakrishnan	Raurkela	Madhya Pradesh	IN	233057	07048 080840	\N	advika27@gmail.com	\N
56	30/62	8339 Aarav Banerjee\nGhzibd 196427	Bakshi	Hisar	Rajastha	IN	335598	+91 4930870025	\N	shanaya87@hotmail.com	\N
57	2186	5 Maryam Burman\nRjkot 989695	Balakrishnan	Purnea	Dadra and Nagar 	IN	870940	06243266632	\N	fdara@gmail.com	\N
58	41/1480	36 Fathima Bhatt\nTonk-209948	Bhatt	Hora	Arunachal Pradesh	IN	254086	07040867092	\N	gsharma@balakrishnan.com	\N
59	8/2	06/0206 Aarav Bhatt\nCuddalore-155517	Reddy	Dhlia	Chandigarh 	IN	119316	+918770177837	\N	wburman@sharma.com	\N
60	8/9	8 Aadvik Sharma\nBdar-987235	Aaradhya Babu	Nnded	Ladakh	IN	859769	+916140415733	\N	maryam44@singh.com	\N
61	6	37/3259 Reddy\nSahranpur 904465	Reddy	Tuticorin	Rajastha	IN	686131	09826 200517	\N	advika18@bhatt.com	\N
62	22/71	72 Singh\nNra-446898	Anthony	Agartala	Chandigarh 	IN	835125	+91 3092261432	\N	cpatil@reddy.com	\N
63	377	14/93 Advait Bedi\nAhmadnagar 435733	Viaan Agarwal	Warangal	Punja	IN	140350	09481 951738	\N	xbakshi@yahoo.com	\N
64	74	69 Burman\nGulbarga-756056	Shanaya Balakrishnan	Lucknow	West Benga	IN	160225	070-53679659	\N	burmanaavya@banerjee.com	\N
65	13	69 Reddy\nAlappuzha-076389	Reddy	Proddatr	Tamil Nad	IN	644774	056-23968097	\N	ananyabakshi@hotmail.com	\N
66	1898	99/434 Agarwal\nTiruppr-964205	Swara Bhatt	Mathura	Jharkhand	IN	826772	02874918537	\N	darafathima@bhatt-dara.com	\N
67	52	09/85 Patil\nBijpur-801525	Patil	Vlprai	Punja	IN	677985	06289 526451	\N	balakrishnananika@varma-bhatt.com	\N
68	3630	97 Babu\nVishkhapatnam-694059	Banerjee	Jorht	Kerala	IN	872497	02673535608	\N	bakshireyansh@acharya.com	\N
69	52/576	71 Daniel Balakrishnan\nMangalore-664140	Bedi	Warangal	Chandigarh 	IN	226799	+911164559393	\N	sharmamaryam@yahoo.com	\N
70	5	32/904 Banerjee\nBilspur 977865	Balakrishnan	Hpur	Rajastha	IN	918990	+91 1343914942	\N	idara@bedi-acharya.com	\N
71	8	32 Vivaan Patil\nKumbakonam-981990	Advait Balakrishnan	Ghandinagar	Chandigarh 	IN	932842	06876593712	\N	advait99@yahoo.com	\N
72	6929	00/18 Acharya\nSolpur-202022	Sai Sharma	Mlegaon Camp	Madhya Pradesh	IN	864456	+911379338000	\N	hbabu@gmail.com	\N
73	973	422 Balakrishnan\nNew Delhi-194057	Maryam Anthony	Hospet	Sikki	IN	512528	+912039894666	\N	advika19@gmail.com	\N
74	079	11/387 Ananya Dara\nLucknow-668543	Arjun Dara	Bramla	Andhra Pradesh	IN	675809	+91 338 9130346	\N	tanvibabu@hotmail.com	\N
75	2014	86/17 Inaaya Burman\nHaldia 786920	Aarav Bedi	Aurangbd	Meghalay	IN	336181	+91 004 7099104	\N	bediviaan@hotmail.com	\N
76	86/32	85/8072 Aadya Patil\nSaidpur 063675	Varma	Chrla	Chandigarh 	IN	649639	+91 188 3808953	\N	zara20@patil.net	\N
77	3/2	3 Aavya Anthony\nBakshpur-020233	Shanaya Bedi	Cuddalore	Mizora	IN	874821	+912896536973	\N	ovarma@yahoo.com	\N
78	63/352	6 Maryam Anthony\nRatlm 770187	Swara Patil	Skar	Jammu and Kashmir	IN	127849	06615 917714	\N	agarwalryan@varma.biz	\N
79	01/6006	32/13 Aaradhya Singh\nChennai 487972	Parth Reddy	Aurangbd	Mizora	IN	201270	00958026959	\N	kiaanpatil@bhatt.com	\N
80	7/4	92 Sharma\nAurangbd 158789	Banerjee	sansol	Himachal Pradesh	IN	327845	+91 3045119434	\N	agarwalanika@yahoo.com	\N
81	03	79/832 Tanvi Dara\nThiruvananthapuram 097511	Singh	Jaipur	Rajastha	IN	550734	+91 098 4135496	\N	bdara@sharma-babu.com	\N
82	00/6098	881 Reddy\nTiruchchirppalli-865409	Aarush Patil	Alappuzha	Gujarat	IN	427659	+918225768078	\N	shaurya89@acharya.com	\N
83	8	8/4 Muhammad Varma\nAlpur Dur-895125	Vihaan Dara	Jorht	Kerala	IN	356229	+91 088 5044581	\N	kiaananthony@bhatt-bedi.com	\N
84	27/070	791 Balakrishnan\nBhiwni-185143	Ayansh Banerjee	Ranchi	Mizora	IN	383145	+919065338241	\N	nbedi@yahoo.com	\N
85	4/4	054 Burman\nSalem-873674	Banerjee	Fyzbd	Ladakh	IN	073163	030-06519802	\N	tanvi36@acharya.com	\N
86	8	7/8 Burman\nRaurkela 693611	Anika Dara	Proddatr	Jammu and Kashmir	IN	966410	+918840700782	\N	vbakshi@yahoo.com	\N
87	90/10	5/0 Balakrishnan\nTuticorin-287751	Babu	Hatsa	Lakshadweep unionterritory	IN	377035	+91 5583138199	\N	ananya42@acharya-acharya.com	\N
88	5	133 Shaurya Singh\nMardnpur 474459	Babu	Plibht	Chandigarh 	IN	443229	+912678632604	\N	zdara@yahoo.com	\N
89	08/9216	10 Sri Dara\nHyderabad 429835	Dara	Indore	Maharashtra	IN	422369	02294 607964	\N	danielpatil@banerjee.com	\N
90	48/12	8290 Reyansh Bakshi\nBhgalpur-835489	Ananya Patil	Mlegaon Camp	Goa 	IN	474278	052-36561676	\N	shanaya88@agarwal.com	\N
91	8548	3/7 Ananya Acharya\nNgercoil 116624	Patil	Chrla	Mizora	IN	025317	+917745982479	\N	agarwalatharv@gmail.com	\N
92	9	17/85 Sharma\nVlprai-080832	Bakshi	Machilpatnam	Uttar Prades	IN	550256	00230 311552	\N	anika32@sharma-varma.info	\N
93	4412	94 Aarush Bakshi\nGoplpur-030487	Aarush Burman	Bramla	Puducherr	IN	083388	052-06658880	\N	agarwalanaya@yahoo.com	\N
94	44	82 Bakshi\nKolhpur 264405	Bakshi	Davangere	AssamBihar	IN	126344	000-15684226	\N	zaraagarwal@hotmail.com	\N
95	71	476 Bhatt\nNgercoil 939512	Agarwal	Dehra Dn	West Benga	IN	218213	+91 142 6871657	\N	uvarma@anthony.info	\N
96	98/590	3 Burman\nKkinda 784704	Banerjee	Jodhpur	Chandigarh 	IN	374091	+912762306853	\N	viaan12@yahoo.com	\N
97	75	4/1 Shaurya Dara\nAjmer 513500	Aaradhya Banerjee	Chrla	Goa 	IN	946160	+919528864163	\N	swara12@gmail.com	\N
98	07/4657	82 Sri Agarwal\nPuducherry 577256	Anaya Babu	Jorht	Andhra Pradesh	IN	277391	+912817471297	\N	nbhatt@yahoo.com	\N
99	5489	23/41 Anthony\nGaya 327126	Daniel Reddy	Bhubaneshwar	Madhya Pradesh	IN	512545	08095 007971	\N	ishaan65@gmail.com	\N
100	62	94/7655 Zara Babu\nAjmer 581201	Dara	Dibrugarh	Sikki	IN	525894	05723 561742	\N	ishaanbanerjee@singh-bedi.biz	\N
101	4	97/141 Shanaya Acharya\nSilvassa 703056	Singh	Chrla	Madhya Pradesh	IN	868234	+916278114672	\N	shaurya48@yahoo.com	\N
102	95/73	624 Acharya\nBengalru 191679	Sharma	Porbandar	Andhra Pradesh	IN	449416	+91 432 5017538	\N	sai57@gmail.com	\N
103	23/6452	6134 Fathima Sharma\nHatsa 369238	Patil	Nandyl	Kerala	IN	915234	02577 847831	\N	shanayababu@yahoo.com	\N
104	72	804 Viaan Singh\nBhiwandi 868169	Sharma	Imphal	Puducherr	IN	276320	+91 2087795031	\N	tanvi29@yahoo.com	\N
105	0350	93/7875 Sri Sharma\nJabalpur 296767	Reddy	Diu	Jammu and Kashmir	IN	980275	09187992630	\N	hvarma@yahoo.com	\N
106	00/21	9/2 Amaira Bhatt\nKochi-808047	Varma	Belgaum	Manipur	IN	037686	+919971954667	\N	anayasingh@varma.net	\N
107	592	3/6 Ryan Varma\nAlpur Dur-862198	Sharma	Hindupur	Manipur	IN	650918	089-81825141	\N	shanaya95@gmail.com	\N
108	2	6 Eva Anthony\nAurangbd-981695	Bedi	Udaipur	Kerala	IN	582917	+91 460 9863366	\N	kdara@balakrishnan-bhatt.com	\N
109	0/2	6/2 Ishaan Anthony\nAlwar 132172	Acharya	Bengalru	Haryana 	IN	048241	030-13341338	\N	arjun84@balakrishnan-reddy.com	\N
110	4/8	20/1619 Reddy\nShimla-410712	Fathima Burman	Srnagar	Andhra Pradesh	IN	273463	+919843698898	\N	kiaan76@burman.biz	\N
111	7	59/99 Ayansh Reddy\nPuri-125544	Ayansh Burman	Kollam	Delhi	IN	694020	064-33961801	\N	bhattaaradhya@reddy.com	\N
112	396	56/93 Agarwal\nGoplpur-673720	Banerjee	Mordbd	Andaman and Nicobar	IN	118210	+91 0422011899	\N	varmaamaira@gmail.com	\N
113	9/3	0241 Acharya\nBulandshahr-890078	Babu	Puducherry	Chhattisgarh 	IN	033337	024-59898357	\N	daraaarav@balakrishnan.org	\N
114	6	42/651 Singh\nWarangal-387630	Varma	Mysore	Kerala	IN	953448	+91 054 6912058	\N	muhammad26@dara.com	\N
115	47/673	3771 Aarav Bakshi\nSkar-370945	Bedi	Aurangbd	Jammu and Kashmir	IN	752239	+915615558924	\N	vbanerjee@yahoo.com	\N
116	88/25	5/6 Bakshi\nJodhpur 596193	Arjun Sharma	Hindupur	Jharkhand	IN	671633	+917504470232	\N	fathima11@hotmail.com	\N
117	91/5304	2/1 Banerjee\nSaidpur-868878	Sai Bedi	Tirupati	Maharashtra	IN	603357	+917909139048	\N	patilaaradhya@hotmail.com	\N
118	05/36	79 Sharma\nTirunelveli-972266	Shanaya Bhatt	Gaya	Uttarakhan	IN	590383	04399528243	\N	ananyasingh@yahoo.com	\N
119	5/2	39/354 Ishaan Banerjee\nShillong 164514	Reddy	Mangalore	Goa 	IN	218487	+91 0887528485	\N	aaravsingh@bhatt.net	\N
120	68/8010	42/4910 Zara Sharma\nVlprai 354880	Myra Agarwal	Indore	Nagalan	IN	919174	07524359801	\N	atharv07@sharma.com	\N
121	74/4898	566 Babu\nCalicut 853351	Fathima Babu	Rjaplaiyam	Himachal Pradesh	IN	212114	041-47882969	\N	rreddy@acharya.com	\N
122	07/3072	2/1 Anvi Acharya\nSrat 903417	Zara Reddy	Hora	Uttarakhan	IN	643575	05421 251862	\N	lpatil@hotmail.com	\N
123	95	46/3520 Bhatt\nAjmer 509907	Reddy	Kalyn	Odish	IN	286120	08377852521	\N	vivaanbanerjee@hotmail.com	\N
124	76/07	43/4602 Burman\nNnded 572226	Bakshi	Vadodara	Odish	IN	923044	+919205346918	\N	swara55@bhatt-banerjee.com	\N
125	48	7795 Singh\nSirsa-074183	Anthony	Ranchi	Andhra Pradesh	IN	308286	034-66895558	\N	diyabhatt@patil-balakrishnan.com	\N
126	2	22 Reyansh Reddy\nKrishnpuram 989420	Burman	Vellore	Gujarat	IN	503539	+919944237223	\N	aaravsingh@gmail.com	\N
127	78/2177	8466 Banerjee\nCoimbatore 566856	Singh	Shimoga	Dadra and Nagar 	IN	711546	06749832776	\N	acharyaadvika@bhatt.info	\N
128	2/7	3496 Bedi\nNellore 607121	Advait Bedi	Coimbatore	Jammu and Kashmir	IN	489329	+91 4190127571	\N	patilryan@banerjee.org	\N
129	71/880	75/794 Viaan Bakshi\nKota 704787	Acharya	Bhilai	Kerala	IN	280569	050-41394124	\N	ubanerjee@yahoo.com	\N
130	92/85	04 Reddy\nAizawl-706287	Acharya	Bdar	Manipur	IN	358061	07091737223	\N	zsharma@singh.org	\N
131	40/564	80/8983 Babu\nKhnpur-216601	Balakrishnan	Samlaipdar	Manipur	IN	653439	06655 028012	\N	viaanbabu@hotmail.com	\N
132	3	4/7 Vihaan Anthony\nHospet 926911	Aarush Agarwal	Hatsa	Uttar Prades	IN	643174	+91 238 0107964	\N	burmanvihaan@varma-balakrishnan.com	\N
133	29/47	35/53 Ishaan Bakshi\nKrishnpuram 769253	Acharya	Shimla	Tamil Nad	IN	729283	+91 5511549225	\N	shaurya25@yahoo.com	\N
134	5	05/48 Bakshi\nBhuj-993886	Agarwal	Alpur Dur	Tripur	IN	071806	+917310039563	\N	burmananika@gmail.com	\N
135	20/3576	83/023 Ishaan Acharya\nAbohar-939766	Anaya Bakshi	Jhnsi	Jammu and Kashmir	IN	532043	059-32965171	\N	sharmaatharv@burman.org	\N
136	69/91	67/3628 Aaradhya Dara\nIndore-104220	Ananya Bhatt	Mordbd	Gujarat	IN	475465	+91 3938206387	\N	bakshishaurya@hotmail.com	\N
137	4500	90/98 Bakshi\nPune 852291	Balakrishnan	Tiruppr	Dadra and Nagar 	IN	657550	06233247951	\N	singhadvait@hotmail.com	\N
138	976	68 Banerjee\nPanchkula 911441	Babu	Chennai	Mizora	IN	204774	01231 660705	\N	evabhatt@bedi-banerjee.info	\N
139	8	2990 Acharya\nChennai-787199	Atharv Balakrishnan	Rjaplaiyam	Tripur	IN	325897	+912276662125	\N	wbalakrishnan@anthony.com	\N
140	4/6	07/78 Shanaya Burman\nSonpat 322897	Balakrishnan	Muzaffarpur	Chhattisgarh 	IN	285868	039-07587652	\N	daraadvait@hotmail.com	\N
141	9436	87 Muhammad Bakshi\nRjahmundry 148079	Acharya	Rjaplaiyam	Ladakh	IN	258759	+91 228 3978675	\N	amairapatil@yahoo.com	\N
142	4	05/516 Vivaan Patil\nAlpur Dur 606226	Acharya	Bhlwra	Odish	IN	440811	+91 091 0889983	\N	anika76@gmail.com	\N
143	2548	98/764 Sai Sharma\nAhmadbd-976846	Inaaya Dara	Srnagar	Arunachal Pradesh	IN	399473	08922083826	\N	abakshi@gmail.com	\N
144	0/2	5610 Varma\nKalyn 546360	Anika Balakrishnan	Richr	Kerala	IN	536930	04514 499272	\N	maryam11@yahoo.com	\N
145	3	93/56 Anika Patil\nJamshedpur 346568	Diya Varma	Bhilai	Chhattisgarh 	IN	137465	05284123894	\N	reyansh44@yahoo.com	\N
146	9471	6 Banerjee\nSirsa 456029	Advika Bhatt	Raurkela	Goa 	IN	749845	03749228130	\N	bhattreyansh@gmail.com	\N
147	7	53 Myra Bedi\nWarangal-157912	Bedi	Bhopal	Jammu	IN	780710	+916467743421	\N	zaraanthony@gmail.com	\N
148	1268	0/1 Acharya\nMysore-076873	Advait Varma	Ludhina	Tamil Nad	IN	709408	+916745489941	\N	ayansh03@varma.com	\N
149	33/09	4823 Sri Bakshi\nAurangbd 922203	Agarwal	Ajmer	Goa 	IN	940871	092-10368144	\N	atharvsingh@burman-sharma.biz	\N
150	8875	97 Anika Acharya\nTumkr-379502	Reddy	Navsri	Karnataka	IN	015236	+915124519821	\N	aadyaburman@sharma.net	\N
151	8/9	92/88 Banerjee\nChnda-916518	Acharya	Akola	Ladakh	IN	092019	046-21560936	\N	gbedi@yahoo.com	\N
152	43/854	60/3708 Babu\nMangalore 084052	Anika Anthony	Ltr	Chandigarh 	IN	402174	02264 988476	\N	acharyaaaradhya@bakshi.info	\N
153	941	27/93 Bakshi\nPanchkula-486239	Bhatt	Udaipur	Mizora	IN	123021	086-76186933	\N	daniel18@yahoo.com	\N
154	19	4270 Banerjee\nAlappuzha 082864	Singh	Sonpat	Delhi	IN	627826	+918934704306	\N	balakrishnanaaradhya@hotmail.com	\N
155	71/484	7/0 Aadya Sharma\nBharatpur-674259	Tanvi Balakrishnan	Shiliguri	Tamil Nad	IN	903165	+91 200 2090892	\N	banerjeesai@burman.net	\N
156	62/13	1/9 Anvi Balakrishnan\nJamshedpur 084671	Muhammad Anthony	Rmpura	Manipur	IN	892695	+91 0561980244	\N	aarushbabu@gmail.com	\N
157	5	4693 Vihaan Bakshi\nBilspur 078185	Bedi	Bramla	Uttar Prades	IN	134077	+916413776477	\N	aadvik12@bakshi.com	\N
158	7/6	45/87 Arjun Bakshi\nNandyl 284035	Banerjee	Jorht	Himachal Pradesh	IN	809756	09940593630	\N	singhtanvi@gmail.com	\N
159	0/8	78/5878 Reddy\nIndore-497565	Muhammad Balakrishnan	Kolr	Maharashtra	IN	868313	060-74707838	\N	parth19@gmail.com	\N
160	06/4398	36 Shaurya Singh\nKalyn 774816	Parth Bhatt	Udaipur	Manipur	IN	801483	001-37908061	\N	advaitpatil@babu.com	\N
161	61/4304	16/99 Agarwal\nDhlia 887159	Sharma	Salem	Uttarakhan	IN	999165	03806971766	\N	atharv51@agarwal.biz	\N
162	270	34/429 Reyansh Patil\nAlappuzha 860521	Bakshi	Tiruchchirppalli	West Benga	IN	073541	014-39491932	\N	jbanerjee@sharma.com	\N
163	12/4833	9919 Singh\nJorht-588769	Banerjee	Nandyl	Himachal Pradesh	IN	818458	085-57783433	\N	sai08@yahoo.com	\N
164	95/5607	9 Anaya Singh\nBharauri 138660	Banerjee	Ahmadnagar	Manipur	IN	852087	00050 784431	\N	lburman@babu.org	\N
165	3928	4/2 Babu\nNellore 391480	Anthony	Kolhpur	West Benga	IN	526433	08454 134138	\N	shanaya26@varma.com	\N
166	465	38/296 Dara\nMysore 467496	Viaan Bhatt	Mumbai	AssamBihar	IN	063110	02045014986	\N	bediparth@bhatt-singh.com	\N
167	8/2	2653 Sharma\nHaldia 003444	Amaira Bhatt	Ujjain	Jammu and Kashmir	IN	086323	+91 3928381673	\N	ishaansharma@agarwal-varma.org	\N
168	25	77/21 Aadya Acharya\nBelgaum 686569	Viaan Dara	Mangalore	Nagalan	IN	669948	046-52027005	\N	ananyaacharya@hotmail.com	\N
169	9515	9823 Singh\nJaipur-403844	Zara Varma	Proddatr	Ladakh	IN	308983	04786230711	\N	bakshiryan@agarwal.com	\N
170	3/5	3/1 Ayansh Varma\nFrozbd-869765	Bhatt	Vizianagaram	Puducherr	IN	826444	05226 950768	\N	bakshivihaan@yahoo.com	\N
171	7899	0508 Sai Banerjee\nHisar-065972	Balakrishnan	New Delhi	Ladakh	IN	405656	+91 1108332985	\N	parthanthony@hotmail.com	\N
172	12	7 Aarush Bhatt\nOngole 271879	Sharma	Tumkr	Gujarat	IN	534337	048-94629958	\N	aaradhya49@hotmail.com	\N
173	2	73/6504 Reyansh Sharma\nBramla 959711	Anvi Agarwal	Bilspur	Telangan	IN	009776	+911642462635	\N	acharyamuhammad@gmail.com	\N
174	7	75/339 Parth Balakrishnan\nRichr-062414	Inaaya Bakshi	Rjkot	Chhattisgarh 	IN	866161	+917840106153	\N	daniel88@yahoo.com	\N
175	2568	84 Tanvi Agarwal\nTonk-972076	Eva Varma	Thanjvr	Manipur	IN	473844	+91 4980070416	\N	shaurya09@patil.com	\N
176	28/72	7672 Ishaan Bedi\nItanagar-053317	Vivaan Varma	Vellore	Chhattisgarh 	IN	664661	03887025409	\N	jreddy@anthony-bhatt.org	\N
177	72	39 Banerjee\nGangtok-528364	Ishaan Reddy	Gurgaon	Arunachal Pradesh	IN	630990	+91 309 2325683	\N	aadyabalakrishnan@yahoo.com	\N
178	51/216	0954 Acharya\nRmpura 394435	Myra Reddy	Budaun	Delhi	IN	953598	+919390600059	\N	evaacharya@sharma.com	\N
179	82/2319	36/7441 Diya Varma\nShhbzpur 610042	Bakshi	Davangere	Jharkhand	IN	161497	+913697773553	\N	burmanaarav@gmail.com	\N
180	03	7/9 Patil\nPurnea 700597	Arjun Bhatt	Bhopal	Telangan	IN	584881	+918922468603	\N	vivaan74@gmail.com	\N
181	688	7 Anvi Anthony\nMachilpatnam-759598	Zara Babu	Shimoga	Tamil Nad	IN	000547	09268 142697	\N	anikabhatt@reddy-bedi.com	\N
182	043	75/6554 Atharv Balakrishnan\nSaugor 670597	Anthony	Davangere	Meghalay	IN	927927	+91 5371006051	\N	daraananya@yahoo.com	\N
183	5/7	24 Bedi\nHindupur-425187	Reddy	Abohar	Puducherr	IN	444940	044-13128399	\N	kbanerjee@hotmail.com	\N
184	40/134	40 Varma\nKollam 439642	Bhatt	Bkaner	Uttar Prades	IN	754888	06714966869	\N	anaya29@gmail.com	\N
185	2/4	045 Tanvi Dara\nNellore 543959	Reddy	Akola	Gujarat	IN	572712	020-60194493	\N	zaraagarwal@dara-agarwal.com	\N
186	020	0 Shanaya Sharma\nKohima-870177	Sharma	Vizianagaram	Andaman and Nicobar	IN	123218	00156815406	\N	arjunbalakrishnan@hotmail.com	\N
187	75	5774 Sharma\nCalicut 099388	Aadya Anthony	Pune	Himachal Pradesh	IN	432661	063-66965247	\N	sagarwal@banerjee.org	\N
188	25/8129	1/8 Aadya Singh\nGaya 887658	Diya Varma	Rjaplaiyam	Lakshadweep unionterritory	IN	877622	021-36950822	\N	evababu@reddy.com	\N
189	7308	6460 Patil\nHatsa 309112	Sai Sharma	Tonk	Karnataka	IN	427532	05957469504	\N	ishaandara@gmail.com	\N
190	26/69	3/6 Zara Singh\nBudaun-984394	Bhatt	Alpur Dur	Tripur	IN	043316	00952679342	\N	reyanshreddy@yahoo.com	\N
191	8/9	0142 Balakrishnan\nMeerut 791219	Varma	Bijpur	Tamil Nad	IN	490260	08281857738	\N	zarabedi@yahoo.com	\N
192	8	1/9 Reddy\nKolkata-399078	Babu	Bhlwra	Puducherr	IN	507559	+915967572051	\N	singhatharv@gmail.com	\N
193	0023	4 Bedi\nDaman-954763	Ryan Bhatt	Shhbzpur	Chhattisgarh 	IN	018549	+91 088 8966143	\N	muhammadbanerjee@hotmail.com	\N
194	00/0555	08/223 Burman\nDiu 731255	Anaya Singh	Allahbd	Tripur	IN	006151	+917855156074	\N	burmantanvi@banerjee.com	\N
195	1617	64/7342 Aaradhya Balakrishnan\nHubli 357947	Acharya	Aizawl	Andhra Pradesh	IN	083587	056-51440384	\N	anaya53@hotmail.com	\N
196	329	261 Viaan Patil\nRaipur 639682	Vivaan Anthony	Hyderabad	Nagalan	IN	368885	08740 897700	\N	anaya02@babu.info	\N
197	78/334	1185 Vivaan Patil\nHaldia-655647	Agarwal	Jabalpur	Sikki	IN	398237	+91 1111518112	\N	zarabakshi@gmail.com	\N
198	15/532	3 Aadya Dara\nBhtpra-273330	Shaurya Reddy	Hindupur	Punja	IN	824180	+916060110211	\N	patilviaan@balakrishnan.com	\N
199	42	9 Inaaya Varma\nPlibht 658389	Banerjee	Chnda	Lakshadweep unionterritory	IN	473228	+911331336594	\N	parthanthony@balakrishnan.com	\N
200	52/0105	86 Fathima Sharma\nFyzbd-113565	Burman	Kolkata	Ladakh	IN	057263	059-20604552	\N	bbhatt@yahoo.com	\N
201	9/3	2/8 Singh\nKolkata 618958	Anaya Acharya	Sonpat	AssamBihar	IN	499484	+916291228821	\N	wbhatt@yahoo.com	\N
202	35/0554	75/7054 Singh\nNavsri 988388	Dara	Panchkula	Nagalan	IN	318941	+918851282753	\N	vihaan84@bedi.com	\N
\.


--
-- Data for Name: users_seller; Type: TABLE DATA; Schema: public; Owner: shopit
--

COPY public.users_seller (id, name, tags, seller_address_id, user_id) FROM stdin;
67	\N	\N	\N	327
68	\N	\N	\N	475
69	\N	\N	\N	476
70	\N	\N	\N	477
71	\N	\N	\N	478
72	\N	\N	\N	479
73	\N	\N	\N	480
74	\N	\N	\N	481
75	\N	\N	\N	482
76	\N	\N	\N	483
77	\N	\N	\N	484
78	\N	\N	\N	485
79	\N	\N	\N	486
80	\N	\N	\N	487
81	\N	\N	\N	488
82	\N	\N	\N	489
83	\N	\N	\N	490
84	\N	\N	\N	491
85	\N	\N	\N	492
86	\N	\N	\N	493
87	\N	\N	\N	494
88	Shopit	\N	63	109
\.


--
-- Data for Name: shopit_productinfo; Type: TABLE DATA; Schema: public; Owner: shopit
--

COPY public.shopit_productinfo (id, name, image, description, tags, product_detail, created_at, updated_at, brand_id, category_id, seller_id) FROM stdin;
1	test		slsllslsls	{ssksks}	{"ja": "sssk"}	2020-10-26 13:57:25.436001+00	2020-10-27 17:15:33.84337+00	\N	\N	88
2	SanDisk Cruzer Blade 32GB USB Flash Drive		Ultra-compact and portable USB flash drive\r\nShare your photos, videos, songs and other files between computers with ease\r\nProtect your private files with included SanDisk SecureAccess software\r\nIncludes added protection of secure online backup (up to 2GB optionally available) offered by YuuWaa\r\nPassword-protect your sensitive files\r\nCapless design. Operating temperature-0C to 45 C. Storage temperature- (-10C) to 70C	{"Flash Drive"}	{"Colour": "RED & BLACK", "Item Height ": "1.63 Inches "}	2020-10-27 22:48:26.031624+00	2020-10-27 22:48:26.031646+00	5	4	84
3	test create prodcut		sjsjsjsjjss	\N	{"property1": "ssjsjsj", "property2": "ksksksksk"}	2020-10-28 12:25:15.90104+00	2020-10-28 12:25:15.901108+00	4	4	84
4	Apple iPhone 11 (64GB)		6.1-inch (15.5 cm) Liquid Retina HD LCD display\nWater and dust resistant (2 meters for up to 30 minutes, IP68)\nDual-camera system with 12MP Ultra Wide and Wide cameras; Night mode, Portrait mode, and 4K video up to 60fps\n12MP TrueDepth front camera with Portrait mode, 4K video, and Slo-Mo\nFace ID for secure authentication\nA13 Bionic chip with third-generation Neural Engine\nFast-charge capable	\N	{"property1": null, "property2": null}	2020-10-28 12:47:41.343849+00	2020-10-28 12:47:41.343873+00	4	4	84
5	Apple iPad Mini (Wi-Fi, 64GB)		7.9-inch (20.07 cms) Retina display with True Tone and wide color\nA12 Bionic chip\nTouch ID fingerprint sensor\n8MP back camera, 7MP FaceTime HD front camera\nStereo speakers\n802.11ac Wi-Fi\nUp to 10 hours of battery life	\N	{"property1": null, "property2": null}	2020-10-28 13:01:41.692534+00	2020-10-28 13:01:41.692559+00	4	4	84
6	OnePlus Nord 5G (Gray Onyx, 8GB RAM, 128GB Storage)		48MP+8MP+5MP+2MP quad rear camera with 1080P Video at 30/60 fps, 4k 30fps | 32MP+8MP front dual camera with 4K video capture at 30/60 fps and 1080 video capture at 30/60 fps\r\n6.44-inch 90Hz fluid Amoled display with 2400 x 1080 pixels resolution | 408ppi\r\nMemory, Storage & SIM: 8GB RAM | 128GB internal memory | Dual SIM (nano+nano) | OnePlus Nord currently support dual 4G SIM Cards or a Single 5G SIM. 5G+4G support will be available via OTA update at a future date.\r\nOxygenOS based on Android 10 operating system with 2.4GHz Kryo 475 Prime + 2.2GHz Kryo 475 Gold + 6x1.8GHz Kryo 475 Silver Qualcomm Snapdragon 765G 5G Mobile Platform mobile platform octa core processor, Adreno 620 GPU\r\n4115mAH lithium-ion battery | In-Display fingerprint sensor\r\n1 year manufacturer warranty for device and 6 months manufacturer warranty for in-box accessories including batteries from the date of purchase\r\nCorning Gorilla Glass 5 | 8GB GB LPDDR4X, 128GB UFS 2.1\r\nMain camera features: CINE aspect ratio video recording, ultrashot HDR, nightscape, super macro, portrait, pro mode, panorama, AI scene detection, RAW image, Filters, quick share\r\nFront camera features - Face unlock, HDR, screen flash, face retouching, filters, ultra wide selfie\r\nBox also includes: Screen protector (pre-applied), Warp Charge 30 power adapter , Warp Type-C cable (Support USB 2.0), Quick start guide, Welcome letter, Safety information and warranty card, Brand sticker, Phone case, SIM tray ejector, Highest SAR value & Plastic recycling card, Red Cable Club Membership card	{mobiles}	{"Colour": "GREY ASH, GREY ,GREY ONYX & MARBLE BLUE", "Item height": "6.44-inch"}	2020-10-28 19:19:51.011036+00	2020-10-28 19:19:51.01106+00	6	4	69
\.


--
-- Data for Name: shopit_product; Type: TABLE DATA; Schema: public; Owner: shopit
--

COPY public.shopit_product (id, media, purchase_option, product_details, original_price_currency, original_price, current_price_currency, current_price, created_at, updated_at, info_id, name, popularity, stock) FROM stdin;
2	\N	{"size": "xl"}	{"slls": "sssms"}	INR	20202.00	INR	202002.00	2020-10-26 14:26:46.797869+00	2020-10-26 14:26:46.797892+00	1	\N	5	1
3	\N	{"SIZE": "8GB"}	{"RAM Size ": "64 GB ", "Item model number ": "SDCZ50-064G-B35", "Number of USB 2.0 Ports ": "1 "}	INR	1100.00	INR	510.00	2020-10-27 22:54:56.424802+00	2020-10-27 22:54:56.424824+00	2	\N	5	1
4	\N	{"Size": "128 Gb"}	{"Item model number ": "SDCZ50-064G-B37"}	INR	1100.00	INR	510.00	2020-10-27 22:56:45.288273+00	2020-10-27 22:56:45.288299+00	2	\N	5	1
5	\N	{"Colour": "GREY ASH, GREY ,GREY ONYX & MARBLE BLUE", "Item height": "6.44-inch"}	{"Colour": "GREY ASH, GREY ,GREY ONYX & MARBLE BLUE", "Item height": "6.44-inch"}	INR	39999.00	INR	27999.00	2020-10-28 20:05:54.239051+00	2020-10-28 20:05:54.239072+00	6	OnePlus Nord 5G (Gray Onyx, 8GB RAM, 128GB Storage)	5	1
6	\N	{"Size": "6.7-inch", "Color": "ELECTRIC BLUE & CELESTIAL BLACK"}	{"Size": "6.7-inch", "Color": "ELECTRIC BLUE & CELESTIAL BLACK"}	INR	28499.00	INR	22499.00	2020-10-28 20:14:08.111779+00	2020-10-28 20:14:08.111801+00	1	Samsung Galaxy M51 (Electric Blue, 6GB RAM, 128GB Storage)	5	1
7	\N	{"Size": "32 inches", "Colour": "BLACK"}	{"Size": "43 inches", "Colour": "BLACK"}	INR	44990.00	INR	34990.00	2020-10-28 20:36:23.385298+00	2020-10-28 20:36:23.385318+00	1	Sony Bravia 108 cm (43 inches) Full HD Smart LED TV KDL-43W6603 (Black) (2020 Model)	5	1
\.


--
-- Data for Name: shopit_productfaq; Type: TABLE DATA; Schema: public; Owner: shopit
--

COPY public.shopit_productfaq (id, question, created_at, updated_at, created_by_id) FROM stdin;
1	What are its pros and cons?	2020-10-28 19:17:44.897039+00	2020-10-28 19:47:00.763193+00	442
\.


--
-- Data for Name: shopit_productfaqanswer; Type: TABLE DATA; Schema: public; Owner: shopit
--

COPY public.shopit_productfaqanswer (id, answer, created_at, updated_at, created_by_id) FROM stdin;
1	Pros:\r\n1) Clean and bloatfree OxygenOS, which runs as smooth as they come.\r\n2) AMOLED screen and 90Hz refresh rate really go along to make the display above average.\r\n3) Battery life is decent and will last a day on normal usage.\r\n4) Sound quality is good and modestly loud. (Drawback in Cons)\r\n5) The design actually fits the hand well as it is shorter than usual on breadth, and a bit more on length, all the more better viewing experience.\r\n6) Gaming performance is average. (Similar phones in this range have better gaming performances)\r\n7) The phone looks and feels premium while using.\r\n8) The alert slider makes it very convenient to switch between different modes.\r\n9) Face Unlock is as fast as other OnePlus phones. (Very very fast)\r\n\r\nCons:\r\n1) The camera is not as good as it was expected. The macro lens is pretty useless, and the main camera lacks depth and the colors aren't as vibrant as OnePlus 8. A bit too much of beautification was there in selfie shots. 4K video recording @ 60fps is absent but 1080@60fps performance is quite good. (The camera is better than most phones out there but it isn't what we were promised)\r\n2) No headphone jack.\r\n3) The mono speaker is on the bottom right of the phone, which tends to get covered by your hand while using. Also, being on just one side of the phone, the audio isn't as well delivered as it is on a stereo speaker.\r\n4) No expandable memory slot.\r\n5) The plastic frame (doesn't look like plastic but it is) is a worrying thing and makes the phone *comparatively* less durable.\r\n6) Fingerprint scanner being under the screen isn't as quick as a traditional fingerprint scanner on the back.\r\n\r\nRecommendation: If you're looking for a phone which delivers high performance and smooth interface for your daily use, go for it.\r\nBut if your prime purpose is gaming, there are better options available.\r\nAlso, if you're expecting flagship camera performance, you might want to consider other phones. (Pixel 4a is about to release, that's far better probably)	2020-10-28 19:46:45.515597+00	2020-10-28 19:47:25.294868+00	408
\.


--
-- Data for Name: shopit_productfaq_answer; Type: TABLE DATA; Schema: public; Owner: shopit
--

COPY public.shopit_productfaq_answer (id, productfaq_id, productfaqanswer_id) FROM stdin;
1	1	1
\.


--
-- Data for Name: shopit_productinfo_faq; Type: TABLE DATA; Schema: public; Owner: shopit
--

COPY public.shopit_productinfo_faq (id, productinfo_id, productfaq_id) FROM stdin;
1	6	1
\.


--
-- Data for Name: shopit_productreview; Type: TABLE DATA; Schema: public; Owner: shopit
--

COPY public.shopit_productreview (id, rating, description, is_verified_purchase, created_at, updated_at, created_by_id) FROM stdin;
9	3	dd	f	2020-10-26 14:23:01.090651+00	2020-10-26 14:23:01.090707+00	\N
11	3	skksksks	f	2020-10-26 14:25:32.891252+00	2020-10-27 21:33:19.889336+00	327
\.


--
-- Data for Name: shopit_productinfo_review; Type: TABLE DATA; Schema: public; Owner: shopit
--

COPY public.shopit_productinfo_review (id, productinfo_id, productreview_id) FROM stdin;
1	6	11
\.


--
-- Data for Name: shopit_subcategory; Type: TABLE DATA; Schema: public; Owner: shopit
--

COPY public.shopit_subcategory (id, name, created_at) FROM stdin;
2	Accesories&Supplies	2020-10-28 08:33:11.440398+00
3	Camera & Photo	2020-10-28 08:33:11.440398+00
4	vehicle Electronics	2020-10-28 08:33:11.440398+00
6	Car Care	2020-10-28 11:00:53.918838+00
7	Car Electronics & Accesories	2020-10-28 11:01:28.346428+00
8	Exterior Accesories	2020-10-28 11:01:55.360397+00
9	Interior Accesories	2020-10-28 11:02:23.199218+00
11	Motorcycle & Powersports	2020-10-28 11:03:40.112187+00
12	Oils & Fluids	2020-10-28 11:03:55.948864+00
13	Paints & Paints Supplies	2020-10-28 11:04:13.435982+00
14	Performance parts & accesories	2020-10-28 11:04:44.558024+00
15	Replacement Parts	2020-10-28 11:05:05.995223+00
16	RV Parts & Accesories	2020-10-28 11:05:22.203144+00
17	Tires & Wheels	2020-10-28 11:05:39.110842+00
18	Tools & Equipment	2020-10-28 11:06:02.888+00
19	Automative Enthusiast merchandise	2020-10-28 11:06:34.9792+00
20	Heavy duty & Commercial Vehicle Equipment	2020-10-28 11:07:08.39806+00
21	Clothing	2020-10-28 11:08:33.740203+00
22	Shoes	2020-10-28 11:09:27.213414+00
23	Jewelry	2020-10-28 11:09:54.936942+00
24	Watches	2020-10-28 11:10:15.029244+00
25	Accessories	2020-10-28 11:10:45.383569+00
26	School uniforms	2020-10-28 11:12:26.797365+00
27	Handbags	2020-10-28 11:13:32.335869+00
28	Sports & Outdoors	2020-10-28 11:13:53.525716+00
29	Outdoor recreation	2020-10-28 11:14:16.086336+00
30	Sports and Fitness	2020-10-28 11:14:32.082272+00
31	Sports and Fitness	2020-10-28 11:14:32.136459+00
32	fan Shop	2020-10-28 11:14:45.822366+00
33	Activity and Entertainment	2020-10-28 11:15:11.842422+00
34	Apparel & Accessories	2020-10-28 11:15:46.278621+00
35	Baby & Toddler Toys	2020-10-28 11:16:04.529116+00
36	Baby Care	2020-10-28 11:16:14.572213+00
37	Baby Stationary	2020-10-28 11:16:27.880944+00
38	Car Seats & Accessories	2020-10-28 11:17:01.535729+00
39	Diapering	2020-10-28 11:17:15.350105+00
40	Feeding	2020-10-28 11:17:26.434081+00
41	Gifts	2020-10-28 11:17:44.738443+00
42	Nursery	2020-10-28 11:17:54.187095+00
43	Potty Training	2020-10-28 11:18:08.099802+00
44	Pregnancy & Maternity	2020-10-28 11:18:23.903367+00
45	Safety	2020-10-28 11:18:43.191329+00
46	Strollers & accessories	2020-10-28 11:19:00.835446+00
47	Travel Gear	2020-10-28 11:19:13.976037+00
48	Dogs	2020-10-28 11:19:40.512625+00
49	Cats	2020-10-28 11:19:58.090473+00
50	Fish & Aquatic Pets	2020-10-28 11:20:18.443641+00
51	Birds	2020-10-28 11:20:27.400102+00
52	Horses	2020-10-28 11:21:14.322466+00
53	Reptiles & Amphibians	2020-10-28 11:21:32.924309+00
54	Small Animals	2020-10-28 11:21:45.304542+00
10	Lights & Lighting Accesories	2020-10-28 11:03:01.943891+00
56	Door locks	2020-10-28 11:24:27.873579+00
57	Cameras	2020-10-28 11:24:43.184119+00
58	Plugs	2020-10-28 11:24:54.28583+00
59	Other Smart Solutions	2020-10-28 11:25:35.713488+00
60	Thermostats	2020-10-28 11:25:51.417537+00
61	Security Systems	2020-10-28 11:26:04.957996+00
62	television	2020-10-28 11:26:17.070023+00
5	Laptop	2020-10-28 08:33:11.440398+00
63	Speakers	2020-10-28 11:26:27.700909+00
64	Voice Assistants	2020-10-28 11:26:45.064965+00
65	Kitchen	2020-10-28 11:26:54.04039+00
66	Vaccums	2020-10-28 11:27:02.24503+00
67	Printers & Pc	2020-10-28 11:27:16.815975+00
68	All Apps & Games	2020-10-28 11:27:41.520511+00
69	Games	2020-10-28 11:27:53.566373+00
70	Your Apps & Subscriptions	2020-10-28 11:28:15.203432+00
71	Carry-ons	2020-10-28 11:28:33.163734+00
72	Backpacks	2020-10-28 11:28:44.953712+00
73	Garment Bags	2020-10-28 11:29:11.663307+00
74	Garment Bags	2020-10-28 11:29:11.868639+00
75	Travel totes	2020-10-28 11:29:26.769212+00
76	Luggage Sets	2020-10-28 11:29:39.838558+00
77	Laptop Bags	2020-10-28 11:29:50.125139+00
78	Suitcases	2020-10-28 11:30:07.956552+00
79	Suitcases	2020-10-28 11:30:08.179215+00
80	Kids Luggage	2020-10-28 11:30:39.210267+00
81	Messenger Bags	2020-10-28 11:30:55.156845+00
82	Umbrellas	2020-10-28 11:31:06.288629+00
83	Duffles	2020-10-28 11:31:15.079192+00
84	Travel Accessories	2020-10-28 11:31:27.572932+00
85	Movies	2020-10-28 11:31:37.924353+00
86	TV Shows	2020-10-28 11:31:47.893934+00
87	Blue-ray	2020-10-28 11:31:59.686696+00
88	4K Ultra HD	2020-10-28 11:32:11.727608+00
89	Best Sellers	2020-10-28 11:32:31.152676+00
90	Today's Deals	2020-10-28 11:32:42.003612+00
91	New Releases	2020-10-28 11:32:57.088643+00
92	Pre-orders	2020-10-28 11:33:08.576634+00
94	Accounting & Finance	2020-10-28 11:33:45.02734+00
95	Antivirus & Security	2020-10-28 11:34:07.505624+00
96	Business & Office	2020-10-28 11:34:27.776427+00
97	Children's	2020-10-28 11:34:41.715648+00
98	Design & Illustrations	2020-10-28 11:35:17.07872+00
99	digital Software	2020-10-28 11:35:43.027074+00
100	Education & Reference	2020-10-28 11:36:14.329053+00
101	Games	2020-10-28 11:36:27.767077+00
102	Music	2020-10-28 11:36:35.1186+00
103	Lifestyle & Hobbies	2020-10-28 11:36:47.923682+00
104	Networks & Servers	2020-10-28 11:37:04.749431+00
105	Operating Systems	2020-10-28 11:37:17.73718+00
106	Photography	2020-10-28 11:37:31.368487+00
107	Programming & Web Development	2020-10-28 11:37:58.848048+00
108	Tax Preparation	2020-10-28 11:38:13.006976+00
109	Utilities	2020-10-28 11:38:25.349768+00
110	Videos	2020-10-28 11:38:33.784757+00
111	Tools & Home Improvement	2020-10-28 11:38:54.27993+00
112	Appliances	2020-10-28 11:39:07.074828+00
113	Building Supplies	2020-10-28 11:39:18.678681+00
114	Electrical	2020-10-28 11:39:29.14053+00
115	Hardware	2020-10-28 11:39:43.459892+00
116	Kitchen & Bath Fixtures	2020-10-28 11:40:02.078135+00
117	Light Bulbs	2020-10-28 11:40:11.977517+00
118	Lighting & Ceiling Fans	2020-10-28 11:40:30.2332+00
119	Measuring & Layout Tools	2020-10-28 11:40:55.208749+00
120	Painting Supplies & Wall Treatments	2020-10-28 11:41:30.351025+00
121	Power & Hand Tools	2020-10-28 11:41:44.85432+00
122	Rough Plumbing	2020-10-28 11:41:59.090074+00
123	Safety & Security	2020-10-28 11:42:15.603896+00
124	Storage & Home Organisations	2020-10-28 11:42:35.080541+00
125	Welding & Soldering	2020-10-28 11:42:56.353165+00
126	Action Figures & Statues	2020-10-28 11:43:19.509715+00
127	Arts & Crafts	2020-10-28 11:43:30.150847+00
128	Baby & Toddler Toys	2020-10-28 11:43:40.518785+00
129	Building Toys	2020-10-28 11:43:52.668477+00
130	Dolls & Accessories	2020-10-28 11:44:12.147459+00
131	Dress Up & Pretend Play	2020-10-28 11:44:46.333759+00
132	Dress Up & Pretend Play	2020-10-28 11:44:47.249384+00
133	Kids' Electronics	2020-10-28 11:45:10.591275+00
134	Games	2020-10-28 11:45:20.790698+00
135	Grown-Up Toys	2020-10-28 11:45:36.191684+00
136	Hobbies	2020-10-28 11:45:46.299243+00
137	Kids' Furniture, Dcor & storage	2020-10-28 11:48:06.713619+00
138	Learning & Education	2020-10-28 11:48:23.026892+00
139	Novelty & Gag Toys	2020-10-28 11:48:51.674576+00
140	Party Supplies	2020-10-28 11:49:02.676823+00
141	Puppets	2020-10-28 11:49:16.260192+00
142	Puzzles	2020-10-28 11:49:25.688011+00
143	Sports & Outdoor play	2020-10-28 11:49:40.85594+00
144	Stuffed Animals & Plush Toys	2020-10-28 11:50:11.107045+00
145	Toy Remote Control & Play vehicles	2020-10-28 11:50:51.669724+00
146	Tricycles ,Scooters & Wagons	2020-10-28 11:51:23.503708+00
147	Video games	2020-10-28 11:51:40.28986+00
148	Video games	2020-10-28 11:51:58.181672+00
149	PlayStation 4	2020-10-28 11:52:30.360636+00
150	PlayStation 3	2020-10-28 11:52:44.337685+00
151	Xbox One	2020-10-28 11:52:57.989042+00
152	Xbox 360	2020-10-28 11:53:10.445136+00
153	Nintendo Switch	2020-10-28 11:53:26.863343+00
154	Wii U	2020-10-28 11:53:37.914748+00
155	Wii	2020-10-28 11:53:47.239479+00
156	PC	2020-10-28 11:53:56.028325+00
157	Mac	2020-10-28 11:54:20.971957+00
158	Nintendo 3DS & 2DS	2020-10-28 11:54:52.951324+00
159	Nintendo DS	2020-10-28 11:55:10.794078+00
160	PlayStation Vita	2020-10-28 11:55:22.545632+00
161	Sony PSP	2020-10-28 11:55:38.509168+00
163	Accessories	2020-10-28 11:56:04.042022+00
164	Digital Games	2020-10-28 11:56:17.972752+00
93	Kids & Family	2020-10-28 11:33:21.00529+00
165	Kids & Family	2020-10-28 11:56:40.545697+00
162	Retro Gaming & Microconsoles	2020-10-28 11:55:50.534243+00
166	Baby & Child Care	2020-10-28 11:59:10.41995+00
167	Health Care	2020-10-28 11:59:28.675006+00
168	Household Supplies	2020-10-28 11:59:47.419394+00
169	Medical Supplies & Equipment	2020-10-28 12:00:12.594969+00
170	Medical Supplies & Equipment	2020-10-28 12:00:26.906802+00
171	Oral Care	2020-10-28 12:00:39.852828+00
172	Personal Care	2020-10-28 12:00:52.557333+00
173	Sexual Wellness	2020-10-28 12:01:12.091462+00
174	Sports Nutrition	2020-10-28 12:01:27.459873+00
175	Stationary & Gift Wrapping	2020-10-28 12:01:53.979323+00
176	Vision Care	2020-10-28 12:02:15.537334+00
177	Vitamins & Dietary Supplements	2020-10-28 12:02:44.487357+00
178	Wellness & Relaxation	2020-10-28 12:03:21.220826+00
179	Makeup	2020-10-28 12:04:01.890645+00
180	Makeup	2020-10-28 12:04:02.642321+00
181	Skin Care	2020-10-28 12:13:22.458995+00
182	Hair Care	2020-10-28 12:13:31.650003+00
183	Fragrance	2020-10-28 12:13:44.051528+00
184	Foot, Hand & Nail Care	2020-10-28 12:14:03.529516+00
185	Tools & Accessories	2020-10-28 12:14:20.16343+00
186	Shave & Hair Removal	2020-10-28 12:14:46.833581+00
187	Personal Care	2020-10-28 12:15:00.532017+00
188	Oral Care	2020-10-28 12:15:09.988394+00
189	Computer Accessories & Peripherals	2020-10-28 12:15:44.433338+00
190	Computer Components	2020-10-28 12:16:01.052578+00
191	Computers & Tablets	2020-10-28 12:16:20.853016+00
192	Data Storage	2020-10-28 12:17:01.795665+00
193	External Components	2020-10-28 12:17:17.572562+00
194	Laptop Accessories	2020-10-28 12:18:00.532013+00
195	Monitors	2020-10-28 12:18:17.478654+00
196	Networking Products	2020-10-28 12:18:39.369899+00
197	Power Strips & Surge Protectors	2020-10-28 12:19:14.292338+00
198	Printers	2020-10-28 12:19:29.818071+00
199	Scanners	2020-10-28 12:19:37.444516+00
200	Servers	2020-10-28 12:19:49.762755+00
201	Tablet Accessories	2020-10-28 12:20:01.870537+00
202	Tablet Replacement Parts	2020-10-28 12:20:18.484314+00
203	Warranties & Services	2020-10-28 12:20:42.666442+00
204	Network & Wifi	2020-10-28 12:21:18.029176+00
205	New to Smart Home	2020-10-28 12:21:36.474593+00
206	Kids' Home Store	2020-10-28 12:22:17.868092+00
207	Kitchen & Dining	2020-10-28 12:22:57.767747+00
208	Bedding	2020-10-28 12:23:11.563693+00
209	Bath	2020-10-28 12:23:22.235276+00
210	Furniture	2020-10-28 12:23:32.235113+00
211	Home Dcor	2020-10-28 12:24:01.169028+00
212	Wall Art	2020-10-28 12:24:19.009236+00
213	Lighting & Ceiling Fans	2020-10-28 12:24:30.158052+00
214	Seasonal Dcor	2020-10-28 12:24:55.913398+00
215	Event & party Supplies	2020-10-28 12:25:10.839896+00
216	Heating, Cooling and Air Quality	2020-10-28 12:25:44.315703+00
217	Irons & Steamers	2020-10-28 12:26:04.762935+00
218	Vacuums & Floor Care	2020-10-28 12:26:31.665546+00
219	Storage & Organization	2020-10-28 12:26:49.130771+00
220	Cleaning Supplies	2020-10-28 12:27:00.515993+00
221	Abrasive & Finishing Products	2020-10-28 12:30:14.009859+00
222	Addictive Manufacturing Products	2020-10-28 12:30:49.0858+00
223	Commercial Door Products	2020-10-28 12:31:09.097034+00
224	Cutting Tools	2020-10-28 12:31:21.246067+00
225	Fasteners	2020-10-28 12:31:29.394555+00
226	Filtration	2020-10-28 12:31:40.39307+00
227	Food Service equipment & Supplies	2020-10-28 12:32:18.43137+00
228	Hydraulics, Pneumatics & Plumbing	2020-10-28 12:32:52.982832+00
229	Industrial Electrical	2020-10-28 12:33:06.943357+00
230	Industrial Hardware	2020-10-28 12:33:21.915311+00
231	Industrial Power & Hand Tools	2020-10-28 12:33:44.126218+00
232	Janitorial & Sanitation Supplies	2020-10-28 12:34:11.143144+00
233	Lab & Scientific Products	2020-10-28 12:34:40.576312+00
234	Material Handling Products	2020-10-28 12:34:57.863789+00
235	Material Handling Products	2020-10-28 12:34:58.068404+00
236	Occupational Health & Safety Products	2020-10-28 12:35:25.768716+00
237	Packaging & Shipping Supplies	2020-10-28 12:36:00.589726+00
238	Power Transmission Products	2020-10-28 12:36:21.373832+00
239	Professional Dental Supplies	2020-10-28 12:36:42.151474+00
240	Professional Dental Supplies	2020-10-28 12:36:42.322783+00
241	Professional Medical Supplies	2020-10-28 12:37:01.891086+00
242	Raw Materials	2020-10-28 12:37:21.232309+00
243	Retail Store Fixtures & Equipment	2020-10-28 12:37:49.721449+00
244	Robotics	2020-10-28 12:38:01.786308+00
245	Science Education	2020-10-28 12:38:14.478031+00
246	tapes, Adhesives & sealants	2020-10-28 12:38:36.482147+00
247	Test, Measure & Inspect	2020-10-28 12:38:59.906939+00
248	Accessories & Supplies	2020-10-28 12:39:57.590016+00
249	Camera & Photo	2020-10-28 12:40:14.714616+00
250	Car & Vehicle Electronics	2020-10-28 12:40:39.104341+00
251	Cell Phones & Accessories	2020-10-28 12:40:56.946021+00
252	Computers & Accessories	2020-10-28 12:41:12.739103+00
253	GPS & Navigation	2020-10-28 12:41:26.592202+00
254	Headphones	2020-10-28 12:41:37.941587+00
255	Home Audio	2020-10-28 12:41:53.126017+00
256	Office Electronics	2020-10-28 12:42:08.421282+00
257	Portable Audio & Video	2020-10-28 12:42:26.295606+00
258	Security & Surveillance	2020-10-28 12:43:10.780285+00
259	Service Plans	2020-10-28 12:43:25.34876+00
260	television & Video	2020-10-28 12:43:43.998432+00
261	Video Game Consoles & Accessories	2020-10-28 12:44:16.720401+00
262	Video Projectors	2020-10-28 12:44:36.222358+00
263	Wearable Technology	2020-10-28 12:44:52.323814+00
264	eBook Readers & Accessories	2020-10-28 12:45:20.839605+00
265	Painting, Drawing & Art Supplies	2020-10-28 12:46:03.819436+00
266	Beading & Jewelry Making	2020-10-28 12:46:45.712578+00
267	Crafting	2020-10-28 12:46:59.366776+00
268	Fabric	2020-10-28 12:47:13.893993+00
269	Fabric Decorating	2020-10-28 12:47:31.866862+00
270	Knitting & Crochet	2020-10-28 12:47:53.675325+00
271	Needlework	2020-10-28 12:48:08.163737+00
272	Organization, Storage & Transport	2020-10-28 12:48:42.247164+00
273	Printmaking	2020-10-28 12:48:55.395608+00
274	Scrapbooking & Stamping	2020-10-28 12:49:19.459404+00
275	Sewing	2020-10-28 12:49:44.867928+00
276	Party Decoration & Supplies	2020-10-28 12:50:08.81163+00
277	Gift Wrapping Supplies	2020-10-28 12:50:29.243995+00
\.


--
-- Data for Name: shopit_productinfo_sub_category; Type: TABLE DATA; Schema: public; Owner: shopit
--

COPY public.shopit_productinfo_sub_category (id, productinfo_id, subcategory_id) FROM stdin;
1	6	251
\.


--
-- Data for Name: shopit_productreview_comments; Type: TABLE DATA; Schema: public; Owner: shopit
--

COPY public.shopit_productreview_comments (id, productreview_id, commentonreview_id) FROM stdin;
\.


--
-- Data for Name: shopit_report; Type: TABLE DATA; Schema: public; Owner: shopit
--

COPY public.shopit_report (id, description, is_critical, created_at, updated_at, created_by_id) FROM stdin;
\.


--
-- Data for Name: shopit_productreview_report; Type: TABLE DATA; Schema: public; Owner: shopit
--

COPY public.shopit_productreview_report (id, productreview_id, report_id) FROM stdin;
\.


--
-- Data for Name: shopit_subcategory_category; Type: TABLE DATA; Schema: public; Owner: shopit
--

COPY public.shopit_subcategory_category (id, subcategory_id, category_id) FROM stdin;
2	2	4
5	5	16
6	6	6
7	7	6
8	8	6
9	9	6
10	10	6
11	11	6
12	12	6
13	13	6
14	14	6
15	15	6
16	16	6
17	17	6
18	18	6
19	19	6
20	20	6
21	21	11
22	21	12
23	21	21
24	21	7
25	22	11
26	22	12
27	22	21
28	22	7
29	23	11
30	23	12
31	23	21
32	23	7
33	24	11
34	24	12
35	24	21
36	24	7
37	25	11
38	25	12
39	25	21
40	25	7
41	26	11
42	26	12
43	27	21
44	28	19
45	29	19
46	30	19
47	31	19
48	32	19
49	33	20
50	34	20
51	35	20
52	36	20
53	37	20
54	38	20
55	39	20
56	40	20
57	41	20
58	42	20
59	43	20
60	44	20
61	45	20
62	46	20
63	47	20
64	48	25
65	49	25
66	50	25
67	51	25
68	52	25
69	53	25
70	54	25
72	56	9
73	57	9
74	58	9
75	59	9
76	60	9
77	61	9
78	62	9
79	63	9
80	64	9
81	65	9
82	66	9
83	67	9
84	68	26
85	69	26
86	70	26
87	71	8
88	72	8
89	73	8
90	74	8
91	75	8
92	76	8
93	77	8
94	78	8
95	79	8
96	80	8
97	81	8
98	82	8
99	83	8
100	84	8
101	85	13
102	86	13
103	87	13
104	88	13
105	89	13
106	90	13
107	91	13
108	92	13
109	93	13
110	94	14
111	95	14
112	96	14
113	97	14
114	98	14
115	99	14
116	100	14
117	101	14
118	102	14
119	103	14
120	104	14
121	105	14
122	106	14
123	107	14
124	108	14
125	109	14
126	110	14
127	111	24
128	112	24
129	113	24
130	114	24
131	115	24
132	116	24
133	117	24
134	118	24
135	119	24
136	120	24
137	121	24
138	122	24
139	123	24
140	124	24
141	125	24
142	126	18
143	127	18
144	128	18
145	129	18
146	130	18
147	131	18
148	132	18
149	133	18
150	134	18
151	135	18
152	136	18
153	137	18
154	138	18
155	139	18
156	140	18
157	141	18
158	142	18
159	143	18
160	144	18
161	145	18
162	146	18
163	147	18
164	148	22
165	149	22
166	150	22
167	151	22
168	152	22
169	153	22
170	154	22
171	155	22
172	156	22
173	157	22
174	158	22
175	159	22
176	160	22
177	161	22
178	162	22
179	163	22
180	164	22
181	165	22
182	166	15
183	167	15
184	168	15
185	169	15
186	170	15
187	171	15
188	172	15
189	173	15
190	174	15
191	175	15
192	176	15
193	177	15
194	178	15
195	179	23
196	180	23
197	181	23
198	182	23
199	183	23
200	184	23
201	185	23
202	186	23
203	187	23
204	188	23
205	189	16
206	190	16
207	191	16
208	192	16
209	193	16
210	194	16
211	195	16
212	196	16
213	197	16
214	198	16
215	199	16
216	200	16
217	201	16
218	202	16
219	203	16
220	204	9
221	205	9
222	206	17
223	207	17
224	208	17
225	209	17
226	210	17
227	211	17
228	212	17
229	213	17
230	214	17
231	215	17
232	216	17
233	217	17
234	218	17
235	219	17
236	220	17
237	221	28
238	222	28
239	223	28
240	224	28
241	225	28
242	226	28
243	227	28
244	228	28
245	229	28
246	230	28
247	231	28
248	232	28
249	233	28
250	234	28
251	235	28
252	236	28
253	237	28
254	238	28
255	239	28
256	240	28
257	241	28
258	242	28
259	243	28
260	244	28
261	245	28
262	246	28
263	247	28
264	248	4
265	249	4
266	250	4
267	251	4
268	252	4
269	253	4
270	254	4
271	255	4
272	256	4
273	257	4
274	258	4
275	259	4
276	260	4
277	261	4
278	262	4
279	263	4
280	264	4
281	265	10
282	266	10
283	267	10
284	268	10
285	269	10
286	270	10
287	271	10
288	272	10
289	273	10
290	274	10
291	275	10
292	276	10
293	277	10
\.


--
-- Data for Name: shopit_subcategory_filter_category; Type: TABLE DATA; Schema: public; Owner: shopit
--

COPY public.shopit_subcategory_filter_category (id, subcategory_id, filtercategory_id) FROM stdin;
2	5	1
\.


--
-- Data for Name: shopit_subcategory_price_filter_category; Type: TABLE DATA; Schema: public; Owner: shopit
--

COPY public.shopit_subcategory_price_filter_category (id, subcategory_id, pricefiltercategory_id) FROM stdin;
2	5	2
3	5	3
4	5	4
5	5	5
\.


--
-- Data for Name: social_auth_association; Type: TABLE DATA; Schema: public; Owner: shopit
--

COPY public.social_auth_association (id, server_url, handle, secret, issued, lifetime, assoc_type) FROM stdin;
\.


--
-- Data for Name: social_auth_code; Type: TABLE DATA; Schema: public; Owner: shopit
--

COPY public.social_auth_code (id, email, code, verified, "timestamp") FROM stdin;
\.


--
-- Data for Name: social_auth_nonce; Type: TABLE DATA; Schema: public; Owner: shopit
--

COPY public.social_auth_nonce (id, server_url, "timestamp", salt) FROM stdin;
\.


--
-- Data for Name: social_auth_partial; Type: TABLE DATA; Schema: public; Owner: shopit
--

COPY public.social_auth_partial (id, token, next_step, backend, data, "timestamp") FROM stdin;
\.


--
-- Data for Name: social_auth_usersocialauth; Type: TABLE DATA; Schema: public; Owner: shopit
--

COPY public.social_auth_usersocialauth (id, provider, uid, extra_data, user_id, created, modified) FROM stdin;
\.


--
-- Data for Name: users_billingaddress; Type: TABLE DATA; Schema: public; Owner: shopit
--

COPY public.users_billingaddress (id, room, address1, address2, city, state, country, postal_code, contact_number, fax, email, card_number, card_expiry, security_field) FROM stdin;
1	34	near state bank of india	\N	rath	uttar pradesh	IN	210431	+919634567934	\N	conect@customer.com	1111222244443333	2020-12-31	345
3	34	near state bank of india	\N	rath	uttar pradesh	IN	210431	+919634567934	\N	conect@customer.com	1111222244443333	2020-12-31	345
4	1/1	83/65 Acharya\nPorbandar 597260	Inaaya Bhatt	Tiruchchirppalli	West Benga	IN	172418	02695 920353	\N	inaayabanerjee@burman-anthony.com	4951500305735	2022-01-31	907
5	0/2	73/829 Balakrishnan\nPli 065081	Burman	Udaipur	Puducherr	IN	006104	+91 095 1987605	\N	viaan07@yahoo.com	4395325290066873	2030-08-31	816
6	33/326	92/7438 Vihaan Acharya\nRatlm-129243	Anaya Bedi	Ranchi	Punja	IN	195024	+918091897222	\N	reddyarjun@varma-reddy.com	2425928319827460	2028-09-30	597
7	06	4/8 Diya Reddy\nChandigarh-545757	Aavya Sharma	Ghandinagar	Goa 	IN	174362	007-54270659	\N	babuanaya@yahoo.com	213111328898760	2025-08-31	0883
8	486	0 Vivaan Acharya\nNizmbd 113769	Varma	Krishnpuram	Ladakh	IN	283600	+91 0068823369	\N	atharv56@singh-patil.com	4711107676460	2025-07-31	426
9	3/7	94/347 Eva Burman\nVrnasi 148899	Balakrishnan	Hisar	Maharashtra	IN	220561	03821 984016	\N	varmavivaan@babu.com	4129341958353225	2024-01-31	093
10	1/9	895 Sri Varma\nBramla-280704	Atharv Banerjee	Kohima	Tripur	IN	891218	+912050491275	\N	varmaswara@gmail.com	4872186103992981213	2021-06-30	446
11	37	556 Viaan Reddy\nAhmadbd-679822	Parth Bakshi	Shimoga	Puducherr	IN	127940	+914606456688	\N	aarush87@burman.com	4042821586938350	2021-04-30	698
12	693	96/175 Bedi\nRmpura-078844	Banerjee	Kurnool	Jammu and Kashmir	IN	623509	03188 323788	\N	fathimababu@gmail.com	676196178799	2021-04-30	159
13	09	70/035 Swara Reddy\nKurnool-551794	Aadvik Babu	Tezpur	Arunachal Pradesh	IN	958434	+917191363321	\N	gbalakrishnan@yahoo.com	3517961963951994	2029-07-31	407
14	0697	60 Vihaan Reddy\nMathura 256970	Anthony	Bhiwni	Tripur	IN	660790	+91 169 5967121	\N	singhaarav@babu-anthony.com	2594874435842147	2029-07-31	061
15	9	1/6 Muhammad Babu\nGangtok-965118	Parth Varma	Vizianagaram	Manipur	IN	638066	+91 551 0049288	\N	obanerjee@gmail.com	501888672174	2026-01-31	418
16	607	9662 Diya Patil\nChrla 731586	Balakrishnan	Hubli	Haryana 	IN	237521	+916457192987	\N	inaaya55@varma-patil.com	6518146693312459	2027-07-31	971
17	12/9321	1/1 Reddy\nGoplpur 991317	Balakrishnan	Ghzibd	Manipur	IN	332929	+916774125681	\N	babuaadvik@gmail.com	4961311671245371	2026-09-30	038
18	91/719	564 Sharma\nParbhani-008331	Ishaan Sharma	Cuddalore	Ladakh	IN	442297	00895 349300	\N	aarav88@yahoo.com	4810642153066	2027-04-30	797
19	49/91	16 Diya Patil\nDiu 059192	Dara	Abohar	Puducherr	IN	904325	+914828594849	\N	bakshisai@gmail.com	4383921781903295	2029-11-30	885
20	7/7	69/124 Reyansh Bedi\nKavaratti-976288	Aarav Acharya	Srnagar	Haryana 	IN	440002	012-93155123	\N	aavyababu@babu.com	3540672829306239	2025-01-31	056
21	1307	895 Varma\nTharati Etawah 481904	Sai Reddy	Udaipur	Himachal Pradesh	IN	635509	05636 426648	\N	evarma@bedi.com	4884589160467	2022-05-31	699
22	11/700	24 Diya Reddy\nVishkhapatnam-249313	Anthony	Dindigul	Arunachal Pradesh	IN	068531	07339607645	\N	anayavarma@hotmail.com	630452649324	2021-01-31	167
23	20/843	5470 Aadya Balakrishnan\nNnded 643151	Daniel Reddy	Mathura	Uttarakhan	IN	114728	001-45794949	\N	diya78@yahoo.com	3572365823368989	2021-05-31	959
24	9	03/39 Agarwal\nAlgarh 793844	Anvi Bakshi	Amrvati	Mizora	IN	111100	07615 262823	\N	banerjeeananya@dara-sharma.com	213147399021270	2023-05-31	4419
25	9/6	80/979 Daniel Singh\nKagazngr-650779	Viaan Sharma	Algarh	Andaman and Nicobar	IN	875904	089-61296289	\N	fathima81@yahoo.com	577026589181	2027-04-30	132
26	16/8505	95 Burman\nThiruvananthapuram 734562	Myra Singh	Bdar	Dadra and Nagar 	IN	350783	06593 037815	\N	inaaya91@yahoo.com	4083609126700350	2026-10-31	140
27	68/6047	90 Aarush Babu\nBhiwandi 225067	Bhatt	Gurgaon	Puducherr	IN	077639	049-68891132	\N	myrababu@singh-burman.info	2277513447210182	2025-06-30	830
28	2	3979 Acharya\nKhammam 194579	Acharya	Hora	Chhattisgarh 	IN	493363	+91 1840309934	\N	anthonyanvi@hotmail.com	4764086068159	2029-01-31	008
29	73/616	29/943 Reyansh Sharma\nVlprai 930180	Patil	Mordbd	Andhra Pradesh	IN	032628	03699854004	\N	viaan31@yahoo.com	346943180723797	2030-02-28	157
30	05	81 Patil\nBengalru-193972	Bakshi	Mordbd	Delhi	IN	433435	064-25556862	\N	acharyaaavya@burman-anthony.net	4073292975516	2021-01-31	435
31	17/9966	91/832 Advait Burman\nHaldia-648581	Burman	Dindigul	Delhi	IN	813317	+913842367464	\N	tanvi69@agarwal-burman.com	6528072594571746	2026-06-30	780
32	5758	82/359 Viaan Bakshi\nLucknow-621573	Anthony	Coimbatore	Chandigarh 	IN	303949	09785899948	\N	advikareddy@agarwal.net	6011664173541878	2028-01-31	322
33	20/8210	7369 Babu\nKohima-582493	Kiaan Babu	Jamshedpur	Tripur	IN	026578	028-67542408	\N	bediaavya@yahoo.com	375597902208257	2028-08-31	319
34	783	8548 Reddy\nVizianagaram-409481	Zara Acharya	Raipur	Madhya Pradesh	IN	874411	09437 965473	\N	wbhatt@banerjee.info	6011807682517000	2027-01-31	951
35	4/7	24/3879 Myra Banerjee\nLudhina 820323	Muhammad Acharya	Frozbd	AssamBihar	IN	339032	00469180307	\N	anviacharya@yahoo.com	676114130922	2026-08-31	245
36	9/5	30/817 Viaan Anthony\nNizmbd 541700	Banerjee	Fyzbd	Andaman and Nicobar	IN	202660	09908 082023	\N	vbhatt@patil.org	30516146867022	2028-05-31	553
37	29/5748	25/366 Aavya Sharma\nKollam-279597	Babu	Panaji	Tamil Nad	IN	792201	064-13047219	\N	swarapatil@hotmail.com	30462605775606	2028-12-31	942
38	6767	0/4 Banerjee\nBhgalpur 775626	Singh	Dhanbd	Karnataka	IN	943270	02008689903	\N	patilmaryam@dara.info	4777832529732744	2029-01-31	829
39	97/4268	5/3 Burman\nVellore-443860	Diya Bakshi	Dispur	Gujarat	IN	383059	07414018624	\N	kvarma@banerjee.com	6011617034021001	2027-07-31	741
40	1	641 Aavya Acharya\nMardnpur 432592	Muhammad Reddy	Machilpatnam	Punja	IN	853790	+912247748102	\N	aaradhya13@hotmail.com	4967679096839502311	2026-12-31	946
41	56/384	16 Singh\nPort Blair 032625	Agarwal	Mirzpur	Nagalan	IN	668984	+91 307 1530273	\N	pbhatt@bhatt-dara.info	4690809634755	2027-12-31	310
42	50/7479	149 Patil\nBhilai 789967	Anika Agarwal	Bhopal	Himachal Pradesh	IN	102158	097-49388526	\N	gburman@agarwal.com	3596871564710588	2025-08-31	344
43	79/35	23/6580 Sai Singh\nPune-999595	Patil	Bramla	Uttarakhan	IN	478181	00415 151846	\N	sharmasri@hotmail.com	4065654154078	2030-07-31	003
44	16/09	13/0817 Patil\nRanchi 699793	Arjun Patil	Diu	Jharkhand	IN	516197	+91 032 1739359	\N	ananyabanerjee@sharma.com	4452527811353100962	2021-02-28	630
45	35/8604	35/23 Atharv Bhatt\nNgercoil 114980	Singh	Bhiwandi	Uttar Prades	IN	147290	07292688446	\N	ryananthony@anthony.org	213142748254326	2023-07-31	327
46	02/09	2 Sai Anthony\nGoplpur-589586	Bakshi	Solpur	Chhattisgarh 	IN	129359	+919905306011	\N	advika33@hotmail.com	30284895206427	2029-05-31	209
47	0	54 Anaya Bakshi\nBhubaneshwar 072062	Aavya Bedi	Bhvnagar	Nagalan	IN	252453	05202 732505	\N	bhattayansh@yahoo.com	676116325322	2021-07-31	1969
48	34/0444	6033 Myra Reddy\nSalem 019313	Aadya Varma	Indore	Delhi	IN	356872	019-85114134	\N	darakiaan@hotmail.com	4955143616593286	2023-02-28	340
49	34/3541	90/3384 Varma\nSamlaipdar 009216	Shaurya Singh	Jammu	Lakshadweep unionterritory	IN	942448	02808 441069	\N	jbabu@gmail.com	2544922647904022	2025-01-31	336
50	3/9	192 Bakshi\nChennai 103150	Sri Patil	Mangalore	Delhi	IN	036793	03286 532619	\N	shaurya03@gmail.com	6011980583860603	2028-07-31	367
51	5/7	0979 Viaan Bakshi\nHindupur 215019	Balakrishnan	Bharatpur	Meghalay	IN	520592	04225 075390	\N	anvipatil@hotmail.com	4870982841423	2026-03-31	839
52	3545	12 Ishaan Reddy\nNellore 561668	Anika Anthony	Raipur	Uttar Prades	IN	548477	+914935718835	\N	parth99@gmail.com	343356350919504	2025-11-30	346
53	11/581	96 Aavya Burman\nGoplpur 483870	Parth Babu	sansol	Dadra and Nagar 	IN	035947	01133846896	\N	dbakshi@yahoo.com	3500691722107187	2030-09-30	227
54	08/8145	545 Anthony\nSrat 484281	Bedi	Kagazngr	Madhya Pradesh	IN	620642	06953 964931	\N	saipatil@yahoo.com	4081863269102	2027-04-30	620
55	6/8	22 Bedi\nDhanbd 963230	Sharma	Ahmadnagar	Rajastha	IN	806313	+918314053709	\N	aadyabhatt@singh-dara.biz	3543427649497610	2021-07-31	917
56	650	31 Acharya\nLucknow 660416	Agarwal	Tharati Etawah	Punja	IN	867487	01352 917168	\N	balakrishnanananya@hotmail.com	503829131518	2023-11-30	483
57	93	3921 Acharya\nSolpur-915133	Shanaya Agarwal	Alwar	Madhya Pradesh	IN	858850	+91 0663025149	\N	ayaanvarma@gmail.com	675990622853	2023-04-30	917
58	74	9 Anaya Acharya\nJodhpur-600851	Bedi	Karmnagar	Andaman and Nicobar	IN	947328	075-94363162	\N	diyaagarwal@reddy-varma.org	4142376959868	2024-07-31	042
59	57/9878	186 Agarwal\nRjahmundry 152990	Acharya	Saidpur	Puducherr	IN	847694	+917676528260	\N	aadya98@hotmail.com	3501360476769597	2023-04-30	434
60	03/957	00/399 Varma\nUjjain 080761	Dara	Tiruchchirppalli	Jharkhand	IN	821355	+91 2016142079	\N	ayansh63@burman.com	675972916398	2022-04-30	862
61	091	1/2 Aarav Dara\nBakshpur-177980	Ananya Sharma	Salem	Nagalan	IN	174511	+917671114516	\N	patilmuhammad@gmail.com	6011081115070843	2030-02-28	6060
62	556	88/3383 Aaradhya Balakrishnan\nDhlia 740139	Burman	Rohtak	Himachal Pradesh	IN	877982	02155 219414	\N	sharmaviaan@balakrishnan.com	6011941860568145	2023-07-31	451
63	6	08/1526 Singh\nChnda-076336	Varma	Bharatpur	Punja	IN	954952	00603 536319	\N	sri87@sharma.com	374621808234034	2028-03-31	678
64	89/51	83 Aaradhya Bhatt\nSalem-502477	Inaaya Banerjee	Gulbarga	Rajastha	IN	047746	08342 785562	\N	bedimaryam@yahoo.com	3564065797770257	2024-01-31	160
65	3	63 Banerjee\nChnda 165688	Aavya Singh	Ludhina	Uttarakhan	IN	819588	+91 073 5924533	\N	daniel62@gmail.com	30114314994669	2024-12-31	247
66	5/9	17/301 Aadya Babu\nMardnpur 265324	Bakshi	Pathnkot	Odish	IN	258395	+919202711563	\N	aarush21@balakrishnan.com	4930345889784068	2023-12-31	130
67	0	9 Anika Patil\nKhnpur 053430	Bhatt	Delhi	Lakshadweep unionterritory	IN	084236	00764 228414	\N	cvarma@yahoo.com	376823270224265	2027-07-31	072
68	308	1 Bakshi\nSonpat-024330	Sharma	Proddatr	Nagalan	IN	512000	05292024443	\N	ayansh32@gmail.com	561755541365	2024-08-31	609
69	77/4625	5/1 Ananya Babu\nChandigarh 369902	Bedi	Tirupati	Ladakh	IN	969933	+917029787903	\N	ishaan09@gmail.com	180091028418680	2025-02-28	352
70	17/051	3316 Singh\nGwalior-635113	Singh	Proddatr	Telangan	IN	349483	06868 335370	\N	kagarwal@anthony.com	5588591991363059	2027-07-31	9713
71	70	78/835 Shaurya Bedi\nDaman-137740	Agarwal	Bamanpur	Telangan	IN	725080	01745 660925	\N	aadyabedi@babu.net	3595468814803445	2024-10-31	837
72	237	5/6 Anvi Singh\nPuducherry 488025	Maryam Varma	Bellary	Himachal Pradesh	IN	919253	+912255768604	\N	beditanvi@burman.com	4208152400982006	2025-06-30	253
73	743	64 Shanaya Burman\nAurangbd-444355	Sharma	Puri	Kerala	IN	543824	008-92660904	\N	esharma@gmail.com	5211430780145861	2025-10-31	383
74	7911	9/8 Muhammad Varma\nDhanbd-204588	Atharv Bhatt	Amrvati	Uttar Prades	IN	100517	059-33833366	\N	vanthony@hotmail.com	4693493200070838	2024-04-30	565
75	10/44	62/8357 Bakshi\nKarnl-014951	Muhammad Bhatt	Bulandshahr	Nagalan	IN	561395	017-69991114	\N	singhishaan@varma.com	3599525264315331	2025-09-30	836
76	64	1 Viaan Dara\nBengalru 744532	Aadvik Dara	Bamanpur	Ladakh	IN	775573	088-75306565	\N	shanayaagarwal@hotmail.com	4468437339620875	2024-09-30	664
77	7/4	85/307 Aarush Patil\nTirunelveli 691776	Balakrishnan	Richr	Uttar Prades	IN	086285	03016227140	\N	aadvikacharya@yahoo.com	30156585201977	2022-10-31	683
78	2/7	29/6961 Aavya Agarwal\nCuddalore-185332	Diya Bedi	Rjkot	Chandigarh 	IN	036171	056-71396412	\N	babuishaan@yahoo.com	4175721695272756835	2025-06-30	624
79	466	3 Atharv Bhatt\nPathnkot-684094	Maryam Patil	Hospet	Jharkhand	IN	203135	+912621578298	\N	aadyaagarwal@gmail.com	3557004558794064	2030-04-30	681
80	012	17/7011 Sharma\nBamanpur-428055	Anvi Banerjee	Mangalore	Nagalan	IN	460387	+916952697417	\N	sharmakiaan@sharma.com	372420471237115	2027-07-31	122
81	5	98/010 Agarwal\nMordbd 234608	Banerjee	Tuticorin	Maharashtra	IN	073473	08597781309	\N	advikasharma@gmail.com	30141815033705	2030-07-31	718
82	88/806	2/4 Aarush Patil\nBhusval 494132	Dara	Shimoga	Haryana 	IN	741022	+919506884053	\N	evabanerjee@singh.com	213183147055930	2022-10-31	140
83	5655	6 Acharya\nKkinda 845115	Bakshi	Nsik	Goa 	IN	153697	05703675238	\N	varmaanaya@gmail.com	2223551170213911	2024-06-30	787
84	4743	61/008 Agarwal\nPatna-119884	Dara	Jabalpur	Andhra Pradesh	IN	043191	094-70810905	\N	tanvi63@hotmail.com	3589745478046066	2029-09-30	465
85	48/1945	0 Balakrishnan\nRatlm 164176	Varma	Chikka Mandya	Jammu	IN	960947	02277 037504	\N	varmainaaya@gmail.com	4114921054719055798	2021-10-31	402
86	17	42 Amaira Acharya\nBharatpur-726771	Burman	Bhubaneshwar	AssamBihar	IN	151601	021-77341687	\N	ananyabedi@anthony.com	4622769502904150318	2027-01-31	533
87	37/95	76 Burman\nThanjvr-299089	Balakrishnan	Tezpur	Haryana 	IN	640897	+919620310335	\N	srisingh@banerjee.com	180097837839933	2023-09-30	333
88	56/3644	6021 Acharya\nUdaipur 938702	Ryan Anthony	Lucknow	Ladakh	IN	030660	+914570492997	\N	kiaandara@acharya.org	6586417178631250	2025-07-31	386
89	2/4	1/4 Agarwal\nGulbarga 857397	Sai Anthony	Kkinda	Jharkhand	IN	776048	+911436647966	\N	burmanmaryam@acharya-bhatt.org	213187503276527	2027-09-30	233
90	21/321	71/8201 Singh\nMeerut-230010	Sharma	Hyderabad	Jharkhand	IN	910315	01313 184401	\N	singhparth@babu.net	4884064785473	2022-09-30	448
91	0994	83/31 Parth Patil\nKarmnagar 990937	Parth Bedi	Gulbarga	Himachal Pradesh	IN	226108	08373527130	\N	arjunsingh@agarwal.org	4441500243805	2022-08-31	113
92	9	1 Eva Patil\nMardnpur-933340	Myra Bedi	Gwalior	Meghalay	IN	167721	+917495256015	\N	sri16@gmail.com	375551647757458	2028-03-31	865
93	566	824 Bakshi\nHyderabad 013782	Arjun Bhatt	Srnagar	Chhattisgarh 	IN	669370	00360268340	\N	zbakshi@banerjee.com	4178517497593807	2026-09-30	645
94	65	64/1948 Shanaya Burman\nAlappuzha-306238	Dara	Bdar	Goa 	IN	072021	07497048187	\N	gpatil@gmail.com	2242322832191631	2027-05-31	366
95	30/144	855 Ishaan Anthony\nKumbakonam 221431	Sharma	Tezpur	Tripur	IN	304158	+91 1571191550	\N	patiladvait@yahoo.com	5561032434686823	2022-07-31	734
96	29/546	53/11 Ishaan Varma\nVizianagaram-268937	Babu	Kagazngr	Odish	IN	516317	04649 477784	\N	nbanerjee@gmail.com	2227512303486465	2026-05-31	705
97	94/35	45 Anthony\nUdaipur 930177	Banerjee	Puducherry	Mizora	IN	098044	+915347775525	\N	aaravagarwal@hotmail.com	30337452505852	2030-03-31	351
98	75/3965	8918 Anvi Singh\nPuri 344517	Ananya Bedi	Bhiwandi	Tripur	IN	627186	08569 570726	\N	aarush29@burman-varma.com	347427277810393	2029-05-31	940
99	60/1432	6 Aaradhya Singh\nKolhpur 097290	Ishaan Sharma	Gwalior	Tamil Nad	IN	169468	+917448985097	\N	gbalakrishnan@yahoo.com	4306550625202178	2026-12-31	026
100	79/377	8 Vihaan Bhatt\nVellore 508497	Varma	Dehra Dn	Madhya Pradesh	IN	106271	07159 048781	\N	muhammadbakshi@gmail.com	213115221641813	2025-02-28	497
101	48/008	6 Aarav Bhatt\nKhnpur 715175	Anvi Singh	Kolkata	Jharkhand	IN	221719	071-22423168	\N	fathimasingh@bakshi.net	6526572156387649	2028-12-31	452
102	8	02/147 Ryan Reddy\nGulbarga-676688	Anaya Bhatt	Daman	Andaman and Nicobar	IN	970106	+91 0719641149	\N	anayabakshi@hotmail.com	562451581747	2026-04-30	008
103	523	771 Ayansh Bhatt\nCuddalore-380363	Shaurya Sharma	Ranchi	Gujarat	IN	593437	+91 5062849194	\N	aaravagarwal@bakshi.biz	4319900153392302442	2025-03-31	327
\.


--
-- Data for Name: users_emailconfirmation; Type: TABLE DATA; Schema: public; Owner: shopit
--

COPY public.users_emailconfirmation (id, token, created_at, user_id) FROM stdin;
\.


--
-- Data for Name: users_passwordreset; Type: TABLE DATA; Schema: public; Owner: shopit
--

COPY public.users_passwordreset (id, url_token, success_token, created_at, user_id) FROM stdin;
\.


--
-- Data for Name: users_profile; Type: TABLE DATA; Schema: public; Owner: shopit
--

COPY public.users_profile (id, default_shipping_address, default_purchasing_address, user_id) FROM stdin;
327	0	0	327
109	0	0	109
370	0	0	370
371	0	0	371
372	0	0	372
373	0	0	373
374	0	0	374
375	0	0	375
376	0	0	376
377	0	0	377
378	0	0	378
379	0	0	379
380	0	0	380
381	0	0	381
382	0	0	382
383	0	0	383
384	0	0	384
385	0	0	385
386	0	0	386
387	0	0	387
388	0	0	388
389	0	0	389
390	0	0	390
391	0	0	391
392	0	0	392
393	0	0	393
394	0	0	394
395	0	0	395
396	0	0	396
397	0	0	397
398	0	0	398
399	0	0	399
400	0	0	400
401	0	0	401
402	0	0	402
403	0	0	403
404	0	0	404
405	0	0	405
406	0	0	406
407	0	0	407
408	0	0	408
409	0	0	409
410	0	0	410
411	0	0	411
412	0	0	412
413	0	0	413
414	0	0	414
415	0	0	415
416	0	0	416
417	0	0	417
418	0	0	418
419	0	0	419
420	0	0	420
421	0	0	421
422	0	0	422
423	0	0	423
424	0	0	424
425	0	0	425
426	0	0	426
427	0	0	427
428	0	0	428
429	0	0	429
430	0	0	430
431	0	0	431
432	0	0	432
433	0	0	433
434	0	0	434
435	0	0	435
436	0	0	436
437	0	0	437
438	0	0	438
439	0	0	439
440	0	0	440
441	0	0	441
442	0	0	442
443	0	0	443
444	0	0	444
445	0	0	445
446	0	0	446
447	0	0	447
448	0	0	448
449	0	0	449
450	0	0	450
451	0	0	451
452	0	0	452
453	0	0	453
454	0	0	454
455	0	0	455
456	0	0	456
457	0	0	457
458	0	0	458
459	0	0	459
460	0	0	460
461	0	0	461
462	0	0	462
463	0	0	463
464	0	0	464
465	0	0	465
466	0	0	466
467	0	0	467
468	0	0	468
469	0	0	469
470	0	0	470
471	0	0	471
472	0	0	472
473	0	0	473
474	0	0	474
475	0	0	475
476	0	0	476
477	0	0	477
478	0	0	478
479	0	0	479
480	0	0	480
481	0	0	481
482	0	0	482
483	0	0	483
484	0	0	484
485	0	0	485
486	0	0	486
487	0	0	487
488	0	0	488
489	0	0	489
490	0	0	490
491	0	0	491
492	0	0	492
493	0	0	493
494	0	0	494
\.


--
-- Data for Name: users_profile_billing_address; Type: TABLE DATA; Schema: public; Owner: shopit
--

COPY public.users_profile_billing_address (id, profile_id, billingaddress_id) FROM stdin;
4	494	25
5	494	55
\.


--
-- Data for Name: users_profile_shipping_address; Type: TABLE DATA; Schema: public; Owner: shopit
--

COPY public.users_profile_shipping_address (id, profile_id, shippingaddress_id) FROM stdin;
1	494	164
2	494	183
\.


--
-- Data for Name: users_seller_billing_address; Type: TABLE DATA; Schema: public; Owner: shopit
--

COPY public.users_seller_billing_address (id, seller_id, billingaddress_id) FROM stdin;
1	88	19
\.


--
-- Data for Name: users_user_groups; Type: TABLE DATA; Schema: public; Owner: shopit
--

COPY public.users_user_groups (id, user_id, group_id) FROM stdin;
\.


--
-- Data for Name: users_user_user_permissions; Type: TABLE DATA; Schema: public; Owner: shopit
--

COPY public.users_user_user_permissions (id, user_id, permission_id) FROM stdin;
\.


--
-- Name: auth_group_id_seq; Type: SEQUENCE SET; Schema: public; Owner: shopit
--

SELECT pg_catalog.setval('public.auth_group_id_seq', 1, false);


--
-- Name: auth_group_permissions_id_seq; Type: SEQUENCE SET; Schema: public; Owner: shopit
--

SELECT pg_catalog.setval('public.auth_group_permissions_id_seq', 1, false);


--
-- Name: auth_permission_id_seq; Type: SEQUENCE SET; Schema: public; Owner: shopit
--

SELECT pg_catalog.setval('public.auth_permission_id_seq', 268, true);


--
-- Name: django_admin_log_id_seq; Type: SEQUENCE SET; Schema: public; Owner: shopit
--

SELECT pg_catalog.setval('public.django_admin_log_id_seq', 466, true);


--
-- Name: django_celery_beat_clockedschedule_id_seq; Type: SEQUENCE SET; Schema: public; Owner: shopit
--

SELECT pg_catalog.setval('public.django_celery_beat_clockedschedule_id_seq', 1, false);


--
-- Name: django_celery_beat_crontabschedule_id_seq; Type: SEQUENCE SET; Schema: public; Owner: shopit
--

SELECT pg_catalog.setval('public.django_celery_beat_crontabschedule_id_seq', 1, false);


--
-- Name: django_celery_beat_intervalschedule_id_seq; Type: SEQUENCE SET; Schema: public; Owner: shopit
--

SELECT pg_catalog.setval('public.django_celery_beat_intervalschedule_id_seq', 1, false);


--
-- Name: django_celery_beat_periodictask_id_seq; Type: SEQUENCE SET; Schema: public; Owner: shopit
--

SELECT pg_catalog.setval('public.django_celery_beat_periodictask_id_seq', 1, false);


--
-- Name: django_celery_beat_solarschedule_id_seq; Type: SEQUENCE SET; Schema: public; Owner: shopit
--

SELECT pg_catalog.setval('public.django_celery_beat_solarschedule_id_seq', 1, false);


--
-- Name: django_content_type_id_seq; Type: SEQUENCE SET; Schema: public; Owner: shopit
--

SELECT pg_catalog.setval('public.django_content_type_id_seq', 61, true);


--
-- Name: django_migrations_id_seq; Type: SEQUENCE SET; Schema: public; Owner: shopit
--

SELECT pg_catalog.setval('public.django_migrations_id_seq', 72, true);


--
-- Name: django_migrations_id_seq1; Type: SEQUENCE SET; Schema: public; Owner: shopit
--

SELECT pg_catalog.setval('public.django_migrations_id_seq1', 161, true);


--
-- Name: django_site_id_seq; Type: SEQUENCE SET; Schema: public; Owner: shopit
--

SELECT pg_catalog.setval('public.django_site_id_seq', 1, true);


--
-- Name: exchange_rate_id_seq; Type: SEQUENCE SET; Schema: public; Owner: shopit
--

SELECT pg_catalog.setval('public.exchange_rate_id_seq', 1, false);


--
-- Name: oauth2_provider_accesstoken_id_seq; Type: SEQUENCE SET; Schema: public; Owner: shopit
--

SELECT pg_catalog.setval('public.oauth2_provider_accesstoken_id_seq', 29, true);


--
-- Name: oauth2_provider_application_id_seq; Type: SEQUENCE SET; Schema: public; Owner: shopit
--

SELECT pg_catalog.setval('public.oauth2_provider_application_id_seq', 2, true);


--
-- Name: oauth2_provider_grant_id_seq; Type: SEQUENCE SET; Schema: public; Owner: shopit
--

SELECT pg_catalog.setval('public.oauth2_provider_grant_id_seq', 1, false);


--
-- Name: oauth2_provider_refreshtoken_id_seq; Type: SEQUENCE SET; Schema: public; Owner: shopit
--

SELECT pg_catalog.setval('public.oauth2_provider_refreshtoken_id_seq', 29, true);


--
-- Name: products_brand_id_seq; Type: SEQUENCE SET; Schema: public; Owner: shopit
--

SELECT pg_catalog.setval('public.products_brand_id_seq', 1, false);


--
-- Name: products_category_brand_id_seq; Type: SEQUENCE SET; Schema: public; Owner: shopit
--

SELECT pg_catalog.setval('public.products_category_brand_id_seq', 1, false);


--
-- Name: products_category_filter_category_id_seq; Type: SEQUENCE SET; Schema: public; Owner: shopit
--

SELECT pg_catalog.setval('public.products_category_filter_category_id_seq', 1, false);


--
-- Name: products_category_id_seq; Type: SEQUENCE SET; Schema: public; Owner: shopit
--

SELECT pg_catalog.setval('public.products_category_id_seq', 1, false);


--
-- Name: products_category_price_filter_category_id_seq; Type: SEQUENCE SET; Schema: public; Owner: shopit
--

SELECT pg_catalog.setval('public.products_category_price_filter_category_id_seq', 1, false);


--
-- Name: products_filtercategory_id_seq; Type: SEQUENCE SET; Schema: public; Owner: shopit
--

SELECT pg_catalog.setval('public.products_filtercategory_id_seq', 1, false);


--
-- Name: products_filtercategory_properties_id_seq; Type: SEQUENCE SET; Schema: public; Owner: shopit
--

SELECT pg_catalog.setval('public.products_filtercategory_properties_id_seq', 1, false);


--
-- Name: products_filterproperties_id_seq; Type: SEQUENCE SET; Schema: public; Owner: shopit
--

SELECT pg_catalog.setval('public.products_filterproperties_id_seq', 1, false);


--
-- Name: products_middlepricerange_id_seq; Type: SEQUENCE SET; Schema: public; Owner: shopit
--

SELECT pg_catalog.setval('public.products_middlepricerange_id_seq', 1, false);


--
-- Name: products_pricefiltercategory_id_seq; Type: SEQUENCE SET; Schema: public; Owner: shopit
--

SELECT pg_catalog.setval('public.products_pricefiltercategory_id_seq', 1, false);


--
-- Name: products_product_id_seq; Type: SEQUENCE SET; Schema: public; Owner: shopit
--

SELECT pg_catalog.setval('public.products_product_id_seq', 1, false);


--
-- Name: shopit_answer_id_seq; Type: SEQUENCE SET; Schema: public; Owner: shopit
--

SELECT pg_catalog.setval('public.shopit_answer_id_seq', 1, true);


--
-- Name: shopit_availableoptions_id_seq; Type: SEQUENCE SET; Schema: public; Owner: shopit
--

SELECT pg_catalog.setval('public.shopit_availableoptions_id_seq', 8, true);


--
-- Name: shopit_brand_id_seq; Type: SEQUENCE SET; Schema: public; Owner: shopit
--

SELECT pg_catalog.setval('public.shopit_brand_id_seq', 6, true);


--
-- Name: shopit_category_brand_id_seq; Type: SEQUENCE SET; Schema: public; Owner: shopit
--

SELECT pg_catalog.setval('public.shopit_category_brand_id_seq', 9, true);


--
-- Name: shopit_category_id_seq; Type: SEQUENCE SET; Schema: public; Owner: shopit
--

SELECT pg_catalog.setval('public.shopit_category_id_seq', 28, true);


--
-- Name: shopit_commentonreview_id_seq; Type: SEQUENCE SET; Schema: public; Owner: shopit
--

SELECT pg_catalog.setval('public.shopit_commentonreview_id_seq', 1, true);


--
-- Name: shopit_faq_answer_id_seq; Type: SEQUENCE SET; Schema: public; Owner: shopit
--

SELECT pg_catalog.setval('public.shopit_faq_answer_id_seq', 1, true);


--
-- Name: shopit_faq_id_seq; Type: SEQUENCE SET; Schema: public; Owner: shopit
--

SELECT pg_catalog.setval('public.shopit_faq_id_seq', 1, true);


--
-- Name: shopit_filtercategory_id_seq; Type: SEQUENCE SET; Schema: public; Owner: shopit
--

SELECT pg_catalog.setval('public.shopit_filtercategory_id_seq', 1, true);


--
-- Name: shopit_filtercategory_properties_id_seq; Type: SEQUENCE SET; Schema: public; Owner: shopit
--

SELECT pg_catalog.setval('public.shopit_filtercategory_properties_id_seq', 1, true);


--
-- Name: shopit_filterproperties_id_seq; Type: SEQUENCE SET; Schema: public; Owner: shopit
--

SELECT pg_catalog.setval('public.shopit_filterproperties_id_seq', 1, true);


--
-- Name: shopit_filterproperties_select_values_id_seq; Type: SEQUENCE SET; Schema: public; Owner: shopit
--

SELECT pg_catalog.setval('public.shopit_filterproperties_select_values_id_seq', 1, true);


--
-- Name: shopit_filterproperties_value_id_seq; Type: SEQUENCE SET; Schema: public; Owner: shopit
--

SELECT pg_catalog.setval('public.shopit_filterproperties_value_id_seq', 3, true);


--
-- Name: shopit_filtervalues_id_seq; Type: SEQUENCE SET; Schema: public; Owner: shopit
--

SELECT pg_catalog.setval('public.shopit_filtervalues_id_seq', 3, true);


--
-- Name: shopit_pricefiltercategory_id_seq; Type: SEQUENCE SET; Schema: public; Owner: shopit
--

SELECT pg_catalog.setval('public.shopit_pricefiltercategory_id_seq', 5, true);


--
-- Name: shopit_product_id_seq; Type: SEQUENCE SET; Schema: public; Owner: shopit
--

SELECT pg_catalog.setval('public.shopit_product_id_seq', 7, true);


--
-- Name: shopit_productinfo_faq_id_seq; Type: SEQUENCE SET; Schema: public; Owner: shopit
--

SELECT pg_catalog.setval('public.shopit_productinfo_faq_id_seq', 1, true);


--
-- Name: shopit_productinfo_id_seq; Type: SEQUENCE SET; Schema: public; Owner: shopit
--

SELECT pg_catalog.setval('public.shopit_productinfo_id_seq', 6, true);


--
-- Name: shopit_productinfo_review_id_seq; Type: SEQUENCE SET; Schema: public; Owner: shopit
--

SELECT pg_catalog.setval('public.shopit_productinfo_review_id_seq', 1, true);


--
-- Name: shopit_productinfo_sub_category_id_seq; Type: SEQUENCE SET; Schema: public; Owner: shopit
--

SELECT pg_catalog.setval('public.shopit_productinfo_sub_category_id_seq', 1, true);


--
-- Name: shopit_productreview_comments_id_seq; Type: SEQUENCE SET; Schema: public; Owner: shopit
--

SELECT pg_catalog.setval('public.shopit_productreview_comments_id_seq', 7, true);


--
-- Name: shopit_productreview_id_seq; Type: SEQUENCE SET; Schema: public; Owner: shopit
--

SELECT pg_catalog.setval('public.shopit_productreview_id_seq', 11, true);


--
-- Name: shopit_productreview_report_id_seq; Type: SEQUENCE SET; Schema: public; Owner: shopit
--

SELECT pg_catalog.setval('public.shopit_productreview_report_id_seq', 5, true);


--
-- Name: shopit_report_id_seq; Type: SEQUENCE SET; Schema: public; Owner: shopit
--

SELECT pg_catalog.setval('public.shopit_report_id_seq', 1, true);


--
-- Name: shopit_selectvalues_available_options_id_seq; Type: SEQUENCE SET; Schema: public; Owner: shopit
--

SELECT pg_catalog.setval('public.shopit_selectvalues_available_options_id_seq', 8, true);


--
-- Name: shopit_selectvalues_id_seq; Type: SEQUENCE SET; Schema: public; Owner: shopit
--

SELECT pg_catalog.setval('public.shopit_selectvalues_id_seq', 2, true);


--
-- Name: shopit_subcategory_category_id_seq; Type: SEQUENCE SET; Schema: public; Owner: shopit
--

SELECT pg_catalog.setval('public.shopit_subcategory_category_id_seq', 293, true);


--
-- Name: shopit_subcategory_filter_category_id_seq; Type: SEQUENCE SET; Schema: public; Owner: shopit
--

SELECT pg_catalog.setval('public.shopit_subcategory_filter_category_id_seq', 2, true);


--
-- Name: shopit_subcategory_id_seq; Type: SEQUENCE SET; Schema: public; Owner: shopit
--

SELECT pg_catalog.setval('public.shopit_subcategory_id_seq', 277, true);


--
-- Name: shopit_subcategory_price_filter_category_id_seq; Type: SEQUENCE SET; Schema: public; Owner: shopit
--

SELECT pg_catalog.setval('public.shopit_subcategory_price_filter_category_id_seq', 5, true);


--
-- Name: social_auth_association_id_seq; Type: SEQUENCE SET; Schema: public; Owner: shopit
--

SELECT pg_catalog.setval('public.social_auth_association_id_seq', 1, false);


--
-- Name: social_auth_code_id_seq; Type: SEQUENCE SET; Schema: public; Owner: shopit
--

SELECT pg_catalog.setval('public.social_auth_code_id_seq', 1, false);


--
-- Name: social_auth_nonce_id_seq; Type: SEQUENCE SET; Schema: public; Owner: shopit
--

SELECT pg_catalog.setval('public.social_auth_nonce_id_seq', 1, false);


--
-- Name: social_auth_partial_id_seq; Type: SEQUENCE SET; Schema: public; Owner: shopit
--

SELECT pg_catalog.setval('public.social_auth_partial_id_seq', 1, false);


--
-- Name: social_auth_usersocialauth_id_seq; Type: SEQUENCE SET; Schema: public; Owner: shopit
--

SELECT pg_catalog.setval('public.social_auth_usersocialauth_id_seq', 1, false);


--
-- Name: users_billingaddress_id_seq; Type: SEQUENCE SET; Schema: public; Owner: shopit
--

SELECT pg_catalog.setval('public.users_billingaddress_id_seq', 103, true);


--
-- Name: users_customer_billing_address_id_seq; Type: SEQUENCE SET; Schema: public; Owner: shopit
--

SELECT pg_catalog.setval('public.users_customer_billing_address_id_seq', 5, true);


--
-- Name: users_customer_id_seq; Type: SEQUENCE SET; Schema: public; Owner: shopit
--

SELECT pg_catalog.setval('public.users_customer_id_seq', 494, true);


--
-- Name: users_customer_shipping_address_id_seq; Type: SEQUENCE SET; Schema: public; Owner: shopit
--

SELECT pg_catalog.setval('public.users_customer_shipping_address_id_seq', 2, true);


--
-- Name: users_seller_billing_address_id_seq; Type: SEQUENCE SET; Schema: public; Owner: shopit
--

SELECT pg_catalog.setval('public.users_seller_billing_address_id_seq', 1, true);


--
-- Name: users_seller_id_seq; Type: SEQUENCE SET; Schema: public; Owner: shopit
--

SELECT pg_catalog.setval('public.users_seller_id_seq', 88, true);


--
-- Name: users_shippingaddress_id_seq; Type: SEQUENCE SET; Schema: public; Owner: shopit
--

SELECT pg_catalog.setval('public.users_shippingaddress_id_seq', 202, true);


--
-- Name: users_user_groups_id_seq; Type: SEQUENCE SET; Schema: public; Owner: shopit
--

SELECT pg_catalog.setval('public.users_user_groups_id_seq', 1, false);


--
-- Name: users_user_id_seq; Type: SEQUENCE SET; Schema: public; Owner: shopit
--

SELECT pg_catalog.setval('public.users_user_id_seq', 494, true);


--
-- Name: users_user_user_permissions_id_seq; Type: SEQUENCE SET; Schema: public; Owner: shopit
--

SELECT pg_catalog.setval('public.users_user_user_permissions_id_seq', 1, false);


--
-- PostgreSQL database dump complete
--

